sheet,row,column,value,best_candidate,candidate_scores,final_after
Sheet1,298,구분,"Ramosetron HCl 2.5�g, 5�g 경구제 (품명 : 이리보정)",,,
Sheet1,334,구분,Methoxy polyethylene glycol-epoetin � 주사제 (품명 : 미쎄라프리필드주),,,
Sheet1,359,구분,"Buprenorphine 패취제 (품명 : 노스판패취 5�g, 10�g, 20�g)",,,
Sheet1,432,구분,Agalsidase � 37mg 주사제 (품명 : 파브라자임주 등),β,β:1(p459×1),
Sheet1,475,구분,Interferon �-2a 주사제 (품명 : 로페론에이프리필드주),,,
Sheet1,476,구분,Interferon �-2b 주사제 (품명 : 인트론에이멀티도스펜),,,
Sheet1,604,구분,"Interferon �-1a 주사제 (품명 : 레비프프리필드 주사, 레비도즈프리필드펜, 아보넥스주 등) Peginterferon �-1a 주사제 (품명 : 플레그리디펜주 등)",,,
Sheet1,605,구분,Interferon �-1b (품명 : 베타페론주사),,,
Sheet1,688,구분,[심사지침] 류마티스질환에서 TNF-� inhibitor 제제 (품명 : 엔브렐주사 등)를 휴약 후 재 투여 시 적용기준,α,α:1(p692×1),
Sheet1,34,세부인정기준 및 방법,"1. 만성신부전증환자(혈액투석 및 복막투석환자) 가. 혈압강하제(고혈압 치료제) 1) 이뇨제 2) 교감신경차단제 : a, � Adrenoreceptor blocking agents 3) 혈관확장제 4) 안지오텐신 전환효소억제제(Angiotension II 수용체 차단제 포함) 5) 칼슘채널 차단제(Ca-Blocker) 나. 인산염흡수방지제 1) 탄산칼슘(Calcium carbonate; CaCO3)2) 알루미늄을 포함한 제산제 3) 초산 칼슘정 등 다. 비타민제 1) 수용성비타민제 2) 엽산 3) 비타민D3제제 라. 조혈제 : 철분제제 2. 장기이식환자 가. 신장 및 간이식 환자 1) 조직이식 거부반응 억제제 : Cyclosporine, Mycophenolate mofetil, Tacrolimus 등 2) 부신피질 호르몬제 : Prednisolone 등 3) 고혈압 치료제 : 상기 1의 만성신부전증환자(혈액 투석 및 복막투석환자)와 동일 나. 기타장기(심장, 췌장, 폐, 골수)이식 환자 1) 조직이식 거부반응 억제제 : Cyclosporine, Mycophenolate mofetil, Tacrolimus 등 2) 부신피질 호르몬제 : Prednisolone 등 (고시 제2013-127호, '13.9.1.)",,,
Sheet1,37,세부인정기준 및 방법,"1. 허가사항 범위 내에서 아래와 같은 기준으로 투여시 요양 급여를 인정하며, 동 인정기준 이외에 투여한 경우에는 약값 전액을 환자가 부담토록 함. - 아 래 - 가. 칸디다감염 1) Amphotericin B deoxycholate, Fluconazole, Itraconazole 경구제 투여시 인정 2) Echinocandin계 약제는 다음과 같은 경우에 인정 - 다 음 - 가) 중증 또는 칸디다혈증을 동반한 침습성 칸디다증 으로 확진된 경우 나) 침습성 칸디다증으로 확진된 경우로서 최근에 azole 투여 경험이 있었던 환자 다) 상기 가), 나) 이외의 침습성 칸디다증으로 확진된 경우로서 타 항진균제 (Fluconazole 등)에 실패하였 거나 투여가 불가능한 경우 ※ 단, Fluconazole 투여가 가능한 경우에는 Fluconazole로 변경 투여하는 것이 권장됨. 3) Voriconazole은 타 항진균제(Fluconazole 등)에 실패하였거나 투여가 불가능한 경우 투여시 인정 나. 호중구 감소성 발열의 경험적 치료 1) Amphotericin B deoxycholate, Liposomal amphotericin B, Caspofungin, Itraconazole 주사제 투여시 인정 2) 투여기간 가) 원인을 알 수 없는 불명열인 경우는 호중구 감소증이 회복될 때까지 인정 나) 해열이 되는 경우에는 최대 2주 이내 또는 해열 후 5-7일 이내로 인정 다. 침습성 아스페르길루스증 1) Amphotericin B deoxycholate, Itraconazole,Voriconazole 투여 시 인정 2) Caspofungin은 타 항진균제(Voriconazole 등)에 실패하였거나 투여가 불가능한 경우 투여시 인정 라. 침습성 진균감염 예방 1) 조혈모세포이식 환자에서 Micafungin 투여시 인정 2) 급성 골수성 백혈병이나 골수이형성증후군으로 관해-유도 화학요법을 받고 있는 환자 또는 이식 편-숙주 질환(GVHD)으로 고용량 면역억제요법을 받고 있는 조혈모세포 이식 수여자에서 Posaconazole 투여 시 인정 。 단, 저메틸화제(azacitidine, decitabine)를 이용한 저강도 관해-유도 요법을 받고 있는 환자에게 투여 시 다음의 요건을 충족하는 경우 인정함. - 다 음 - 가) 급성 골수성 백혈병: 해당 요법의 시행 첫 3주기 (cycle) 이내 투여 시(단, 2-3 번째 주기는 주기의 시작시점에 절대호중구 수(ANC)가 500/�l 미만인 경우에 한함) 나) 골수이형성증후군: 해당 요법의 시행 첫 3주기 (cycle) 이내 투여 시 (단, 매 주기의 시작시점에 절대호중구 수(ANC)가 500/ul 미만인 경우에 한함) 3) 세포독성화학요법, 방사선요법, 골수이식 환자에서 Fluconazole 투여 시 인정 4) 혈액종양 또는 골수이식 환자에서 Itraconazole 시럽 투여시 인정 5) 급성 백혈병, 림프종 치료실패 또는 만성 골수성 백혈병으로 인한 조혈모세포이식환자에서 침습성 아스페르길루스증 기왕력이 확인되는 경우 Voriconazole 투여시 인정 마. Liposomal amphotericin B는 타 항진균제에 실패 하였거나 투여가 불가능한 경우 투여시 인정바. 그 외의 진균감염증에는 허가사항 범위내에서 사례별로 인정함. 단, Liposomal amphotericin B를 만성 육아종질환에 투여하는 경우에는 원인균이 증명되지 않더라도 1차 약제로 인정함. 2. 허가사항 범위를 초과하여 아래와 같은 기준으로 투여 시 요양급여를 인정함. - 아 래 - ○ Voriconazole 주사제는 진균 안내염으로 진단된 성인 환자가 다음에 해당하는 경우에 인정함. - 다 음 - 1) 대상 환자: 혈액 또는 안구 내에서 진균 감염이 확인된 경우 2) 투여 방법: 전방 내 주사(50�g/0.1ml), 유리체강 내 주사(50�g/0.1ml~100�g/0.1ml) 투여 시 인정 3. 허가사항 범위를 초과하여 아래와 같은 경우에는 약값 전액을 환자가 부담토록 함. - 아 래 - ○ 고형장기이식으로 인한 진균감염 고위험군 환자(호중구 감소증, 장기간 중환자실에 있는 경우 등)의 진균감염 예방에 Fluconazole, Itraconazole, Liposomal amphotericin B를 투여한 경우 * 대상약제 - Azole계 : Fluconazole, Itraconazole, Posaconazole, Voriconazole - Echinocandin계: Anidulafungin, Caspofungin, Micafungin - Polyene계 : Amphotericin B deoxycholate, Liposomal amphotericin B (고시 제2022-131호, '22.6.1.)",μ,μ:1(p115×1),
Sheet1,124,세부인정기준 및 방법,"허가사항 범위 내에서 아래와 같은 기준으로 투여 시 요양 급여를 인정하며, 동 인정기준 이외에는 약값 전액을 환자가 부담토록 함. - 아 래 - 가. 망막 분지정맥 폐쇄(Branch Retinal Vein Occlusion, BRVO) 후 나타나는 황반부종 1) 반대편 눈이 실명(최대교정시력 0.3 이하의 노동력 상실 실명)인 경우 2) 반대편 눈의 최대교정시력이 0.4 이상인 경우는 발병 2~3개월이 경과하여도 황반부종이 지속되면서 최대 교정시력이 0.5 이하인 경우 ※ 황반부종은 빛간섭단층촬영 소견에서 황반두께 (Central macular thickness)가 300�m이상인 경우 나. 후안부 염증을 동반한 비감염성 포도막염 1) 투여대상: 점안제 이외의 스테로이드를 1개월 이상 사용하였으나 시력이 개선되지 않거나 부작용으로 치료를 할 수 없는 경우 2) 투여횟수: 단안당 1회(추가 투여 필요시 소견서 첨부하도록 함) 다. 당뇨병성 황반부종(Diabetic Macular Edema, DME) ○ 최단 중심망막두께(Central retinal thickness) 300�m 이상인 경우 ※ Ranibizumab 주사제 또는 Aflibercept 주사제 또는 Faricimab주사제 또는 Brolucizumab 주사제와 병용 투여는 급여로 인정하지 아니함. (고시 제2024-130호, '24.7.1.)",μ,μ:1(p183×1),
Sheet1,131,세부인정기준 및 방법,"허가사항 범위 내에서 아래와 같은 기준으로 투여 시 요양 급여를 인정하며, 동 인정기준 이외에는 약값 전액을 환자가 부담토록 함. - 아 래 - 당뇨병성 황반부종 1) 투여대상: 최단 중심망막두께(Central retinal thickness)300�m 이상인 경우 2) 재투여는 최소 3개월 이상 간격으로 투여하되, 환자의 상태를 보면서 치료상의 유익성이 위험성을 상회한다고 판단하는 경우에만 시행 ※ Ranibizumab 주사제 또는 Aflibercept 주사제 또는 Faricimab주사제 또는 Brolucizumab 주사제와 병용 투여는 급여로 인정하지 아니함. (고시 제2024-130호, '24.7.1.)",,,
Sheet1,132,세부인정기준 및 방법,"1. 허가사항 범위 내에서 아래와 같은 기준으로 투여 시 요양급여를 인정하며, 동 인정기준 이외에는 약값 전액을 환자가 부담토록 함. - 아 래 - 가. 연령관련 황반변성에 의한 전형적이거나 잠재적인 타입의 황반하 맥락막 신생혈관을 가진 환자 1) 형광안저 검사상 황반하 부위에 맥락막 혈관신생이나 결절맥락막병증이 있는 경우로서 신생혈관의 최대 직경이 5,400�m 이하의 크기인 경우 2) 치료 회수 : 단안당 총 5회 이내(진단 후 12개월 이내 최대 치료회수 : 단안당 3회) 나. 병적근시(Pathologic myopia)에 의한 황반하 맥락막 신생혈관을 가진 환자 1) 마이너스 5.0 디옵터 이하이거나 안구의 장축의 길이가 26.5mm 이상인 경우로서 형광안저 검사에서 황반하 부위에 맥락막 신생혈관이 있는 경우 2) 치료 회수 : 단안당 총 3회 이내(진단 후 12개월 이내) 2. 허가사항 범위(효능·효과 등)를 초과하여 특발성황반 변성환자에게 다음 각 항에 해당되는 경우에만 인정하며, 최대 투여 회수는 단안당 2회 이내로 하고, 2회 초과 사용 시에는 약값 전액을 환자가 부담토록 함.- 다 음 - 가. 발견시 소견보다 2개월 이상 경과된 후 소견이 악화된 모습이 1), 2)와 같이 나타날 때 1) 플루레신형광안저촬영으로 신생혈관의 크기가 명백하게 커져 있을 때 2) 안저소견상 출혈이 새로 발생했거나 증가했을 때 나. 최대교정시력이 0.4 이하이고 시력장애의 원인이 맥락막신생혈관임이 확실할 때 다. 일단 호전되었다가 다시 악화된 경우 (고시 제2013-127호, '13.9.1.)",,,
Sheet1,133,세부인정기준 및 방법,"1. 허가사항 범위 내에서 아래와 같은 기준으로 투여 시 요양급여를 인정하며, 동 인정기준 이외에는 약값 전액을 환자가 부담토록 함. - 아 래 - 가. 투여대상 이중대립유전자성(biallelic) RPE65 돌연변이에 의한 유전성 망막디스트로피(Inherited retinal dystrophy)로 시력을 손실하였으며 충분한 생존 망막 세포를 가지고 있는 소아 및 성인 환자 중 다음 조건 모두를 만족하는 경우 - 다 음 一 1) RPE65 돌연변이의 유전자적 진단 (biallelic pathogenic 또는 likely pathogenic RPE65 mutations) 2) 투여 시점 기준 만 4세 이상 65세 미만 3) 양안 최대교정시력 0.3이하 또는 양안 시야 20도 미만4) 충분한 생존 망막세포가 존재하는 경우로서 다음 가), 나), 다) 조건을 모두 만족하는 경우 - 다 음 - 가) 빛간섭단층촬영 소견에서 후극부의 망막 두께 > 100�m 나) 안저소견상 후극부 내 위축 또는 색소 변성이 없는 망막면적이 시신경유두 면적의 3배 이상 존재 다) Goldmann III4e isopter 또는 이에 상응하는 것으로 측정한 시야가 중심 30도 이내에 남아 있는 경우 ※ 단, 시야 측정이 어려운 타당한 사유가 있는 경우 다초점망막기능지형도검사(Mulifocal Electroretinogram) 결과 등과 의사소견서를 첨부하여 가), 나)만 충족하더라도 사례별로 인정함 나. 제외기준 다음의 조건 중 어느 하나라도 해당하는 경우 투여시작 대상에서 제외함. - 다 음 - 1) 최근 6개월 동안 안구 내 수술을 받은 경우 2) 안구 또는 안구 주위가 감염된 경우 다. 평가방법 1) 동 약제 투여 전(첫 번째 눈 투여 전 90일 이내)과 투여 후(양안 투여 시 두 번째 눈 투여 후) 1개월~ 3개월, 12개월 및 매 1년마다 4년까지 임상평가 (광감수성(light sensitivity), 시력, 시야 등)를 실시하여야 하고 임상평가에 대한 진료기록부 등 객관적인 자료를 반드시 제출하여야 함. 2) 광감수성 평가는 백색광(white light)을 이용한 전시야광역치검사(Full field light threshold test)를실시함. 3) 전시야광역치검사 결과 기저치 대비 1 log unit 이상 (양안 투여 시 평균값) 개선된 경우 임상적으로 유의미한 변화를 보인 것으로 정의함. ※ 세부적용방법은 '[일반원칙]고가의약품 급여관리에 관한 기준'을 참고 라. 동 약제는 단회 투여하는 유전자 대체 치료제로 안구당 평생 1회에 한하여 급여 인정 가능하며, 사전심사 운영기간 내에는 동 약제의 요양급여 인정여부를 사전 심사 신청하여 승인받은 경우에 한하여 인정함. 마. 동 약제 투여 전 해당 요양기관은 환자 또는 보호자로 부터 주기적인 반응평가 등 장기 추적조사에 대한 이행 동의서를 받아 사전 신청 시 반드시 제출하여야 함. 2. 이 약은 황반 수술 치료 경험이 있는 관련분야 망막 전문의에 의해서만 투여하여야 함. 3. 럭스터나주의 사전심사 및 사후관리를 위한 방법·절차 및 위원회 구성, 사전심사 운영기간 등에 대한 세부사항은 건강보험심사평가원장이 정하고, 동 약제의 고시 적용에 있어 의학적 판단이 필요한 사항은 건강보험심사평가원장이 정하는 위원회 결정에 따름. (고시 제2024-20호, '24.2.1.)",,,
Sheet1,141,세부인정기준 및 방법,"1. 허가사항 범위 내에서 아래와 같은 기준으로 투여 시 요양급여를 인정하며, 동 인정기준 이외에는 약값 전액을 환자가 부담토록 함. - 아 래 - 가. 투여대상 3년 이상 증상이 지속되는 성인(만 18세 이상) 및 청소년(만 12세-만 17세) 만성 중증 아토피피부염 환자로서 다음의 조건을 모두 만족하는 경우 - 다만, 65세 이상 환자, 심혈관계 고위험군 환자, 악성 종양 위험이 있는 환자는 제외함. - 다 음 - 1) 1차 치료제로 국소치료제(중등도 이상의 코르티코 스테로이드 또는 칼시뉴린 저해제)를 4주 이상 투여 하였음에도 적절히 조절되지 않고, 이후 전신 면역 억제제(Cyclosporine 또는 Methotrexate)를 3개월 이상 투여하였음에도 반응(EASI(Eczema Area and Severity Index) 50%이상 감소)이 없거나 부작용 등으로 사용할 수 없는 경우 * 동 약제 투약개시일 6개월 이내에 국소치료제 및 전신 면역억제제 투여이력이 확인되어야 함. 2) 동 약제 투여시작 전 EASI 23 이상 나. 평가방법 1) 동 약제를 12주째 평가하여 EASI가 75%이상 감소한 경우 추가 6개월의 투여를 인정함. 2) 이후에는 지속적으로 6개월마다 평가하여 최초 평가 결과가 유지되면 지속적인 투여를 인정함. 다. JAK 억제제 간 교체투여 및 dupilumab 또는 Tralokinumab 주사제와 JAK 억제제 사이의 교체투여는 인정하지 않음. 라. 동 약제는 아토피 관련 진료과(피부과, 알레르기내과, 소아알레르기 호흡기) 전문의가 처방하여야 하며, 최초 투여 시 투여대상 및 지속투여 시 반응평가에 대한 객관적 자료(약제투여 과거력, EASI 산출근거, 환부 사진 등)를 반드시 제출하여야 함. 2. 장기처방 시 1회 처방기간은 퇴원할 경우 및 외래의 경우에는 최대 30일분까지로 함. 다만, 최초 투약일로부터 24주 이후에 안정된 질병활동도를 보이고 부작용이 없는 환자의 경우 최대 60~90일분까지 인정함. 3. 동 약제의 허가사항 중 '사용상 주의사항(금기 등)'을 반드시 참고하여 투여하여야 함. 4. 동 약제를 사용하는 경우에는 「TNF-� inhibitor 사용 시 잠복결핵 치료지침」을 따라야 함. (고시 제2024-72호, '24.5.1.)",α,"α:8(p193×1, p202×1, p208×1)",
Sheet1,142,세부인정기준 및 방법,"허가사항 범위 내에서 아래와 같은 기준으로 투여 시 요양 급여를 인정하며, 동 인정기준 이외에는 약값 전액을 환자가 부담토록 함. - 아 래 - 1. 성인 류마티스 관절염 환자 가. 투여대상 ACR/EULAR 진단기준(2010년 제정)에 부합하는 성인 류마티스 관절염 환자 중 다음 한 가지에 해당하고 두 가지 종류 이상(MTX(methotrexate) 포함)의 DMARDs(Diease Modifying AntiRheumatic Drugs)로 6개월 이상(각 3개월 이상) 치료하였으나, 치료효과가 미흡하거나 상기 약제들의 부작용 등으로 치료를 중단한 환자(다만, MTX 사용이 불가능한, 간질환 또는 신부전 등의 경우에는 MTX를 제외한 두 종류 이상의 DMARDs 사용)- 다만, 65세 이상 환자, 심혈관계 고위험군 환자, 악성 종양 위험이 있는 환자에서는 기존 치료제(TNF 억제 제 등 생물학적 제제)에 적절히 반응하지 않거나 내약 성이 없는 경우에 한하여 이 약을 사용하여야 함. - 다 음 - 1) DAS28이 5.1 초과 2) DAS28이 3.2 ~ 5.1이고 영상 검사 상 관절 손상의 진행이 있는 경우※ DAS28(Disease Activity Score in 28 joints) 0 DAS28(ESR) = 0.56xV(TJC-28) + 0.28xV(SJC-28) + 0.014xVAS + 0.70xIn(ESR) 0 DAS28(CRP) = 0.56xV(TJC-28) + 0.28xV(SJC-28) + 0.014xVAS + 0.36xIn(CRP+1) + 0.96 TJC: 압통 관절수 SJC: 부종 관절수 VAS: 환자의 전반적인 상태보고나. 평가방법 1) 동 약제를 6개월간 사용 후 평가시 DAS28이 1.2 이상 감소한 경우 추가 6개월간의 사용을 인정함. 2) 이후에는 6개월마다 평가를 하여 첫 6개월째의 평가 결과가 유지되면 지속적인 투여를 인정함. 다. 종양괴사인자알파저해제(TNF-� inhibitor: Adalimumab, Etanercept, Golimumab, Infliximab 주사제) 또는 Abatacept, Tocilizumab 주사제에 효과가 없거나 부작용으로 투약을 지속할 수 없는 경우 또는 복약순 응도 개선의 필요성이 있는 경우(교체한 약제는 최소 6개월 투여를 유지하도록 권고함)에 동 약제로 교체 투여(Switch)를 급여로 인정하며, 이 경우에는 교체 투여에 대한 투여소견서를 첨부하여야 함.2. 만성 중증 아토피 피부염 환자 가. 투여대상 3년 이상 증상이 지속되는 성인 만성 중증 아토피 피부염 환자로서 다음의 조건을 모두 만족하는 경우 - 다만, 65세 이상 환자, 심혈관계 고위험군 환자, 악성 종양 위험이 있는 환자는 제외함. - 다 음 - 1) 1차 치료제로 국소치료제(중등도 이상의 코르티코 스테로이드 또는 칼시뉴린 저해제)를 4주 이상 투여 하였음에도 적절히 조절되지 않고, 이후 전신 면역억 제제(Cyclosporine 또는 Methotrexate)를 3개월 이상 투여하였음에도 반응(EASI(Eczema Area and Severity Index) 50%이상 감소)이 없거나 부작용 등으로 사용할 수 없는 경우 * 동 약제 투약개시일 6개월 이내에 국소치료제 및 전 신 면역억제제 투여이력이 확인되어야 함. 2) 동 약제 투여시작 전 EASI 23 이상 나. 평가방법 1) 동 약제를 16주째 평가하여 EASI가 75%이상 감소한 경우 추가 6개월의 투여를 인정함. 2) 이후에는 지속적으로 6개월마다 평가 하여 최초 평 가결과가 유지되면 지 속적인 투여를 인정함. 다. JAK 억제제 간 교체투여 및 dupilumab 또는 Tralokinumab 주사제와 JAK 억제제 사이의 교체 투여는 인정하지 않음. 라. 동 약제는 아토피 관련 진료과(피부과, 알레르기내과, 소아청소년과(소아알레르기 호흡기)) 전문의가 처방 하여야 하며, 최초 투여 시 투여대상 및 지속투여 시 반응평가에 대한 객관적 자료(약제투여 과거력, EASI 산출 근거, 환부 사진 등)를 반드시 제출하여야 함.3. 장기처방 시 1회 처방기간은 퇴원할 경우 및 외래의 경우 에는 최대 30일분까지로 함. 다만, 최초 투약일로부터 24주 이후에 안정된 질병활동도를 보이고 부작용이 없는 환자의 경우 최대 60~90일분까지 인정함. 4. 동 약제의 허가사항 중 '사용 상 주의사항(금기 등)'을 반드시 참고하여 투여하여야 함. 5. 동 약제를 사용하는 경우에는「TNF-a inhibitor 사용 시 잠복결핵 치료지침」을 따라야 함. (고시 제2024-72호, '24.5.1.)",α,"α:21(p194×1, p201×1, p208×1)",
Sheet1,147,세부인정기준 및 방법,"허가사항 범위 내에서 아래와 같은 기준으로 투여 시 요양 급여를 인정하며, 동 인정기준 이외에는 약값 전액을 환자가 부담토록 함. - 아 래 - 가. 투여대상 6개월 이상 지속되는 만성 중증 판상건선 환자(만 18세 이상 성인)로 1), 2), 3) 또는 1), 2), 4)를 충족하는 경우(단, 피부광화학요법(PUVA) 및 중파장자외선 (UVB; Ultraviolet B) 치료법에 모두 금기인 환자는 1), 2), 3) 조건을 충족하는 경우) - 다 음 - 1) 판상건선이 전체 피부면적(Body surface area)의10% 이상 2) PASI(Psoriasis Area and Severity Index) 10 이상 3) MTX(Methotrexate) 또는 Cyclosporine을 3개월 이상 투여※하였음에도 반응이 없거나 부작용 등으로 치료를 지속할 수 없는 경우 4) 피부광화학요 법(PUVA) 또는 중파장자외선(UVB) 치료법으로 3개월 이상 치료하였음에도 반응이 없거나 부작용 등으로 치료를 지속할 수 없는 경우 ※ Methotrexate 또는 Cyclosporine에 부작용이 예상"" 되거나 부작용이 발생하여 치료를 지속할 수 없는 만 18세 이상 성인 판상 건선에 DMF(Dimethyl fumarate)를 투여한 경우도 포함 * 임상적 근거 등을 바탕으로 의사의 의학적 판단에 따라 부작용이 예상됨이 진료기록부 등을 통해 확인되는 경우 나. 평가방법 1) 동 약제를 16~24주간 사용 후 평가하여 PASI가 75%이상 감소한 경우 추가 6개월의 투여를 인정함. 2) 이후에는 지속적으로 6개월마다 평가하여 최초 평가 결과가 유지되면 지속적인 투여를 인정함. 다. 종양괴사인자알파저해제(TNF-� inhibitor: Adalimumab, Etanercept, Infliximab 주사제), 또는 Ustekinumab, Guselkumab, Ixekizumab, Risankizumab, Secukinumab 주사제에 효과가 없거나 부작용으로 투약을 지속할 수 없는 경우(교체한 약제는 최소 6개월 투여를 유지 하도록 권고함)에 동 약제로 교체투여(Switch)를 급여로 인정하며, 이 경우에는 교체투여에 대한 투여 소견서를 첨부하여야 함. 라. 동 약제의 허가사항 중 사용상의 주의사항(금기 등)을 반드시 참고하여 투여하여야 함.마. 장기처방 시 1회 처방기간은 퇴원할 경우 및 외래의 경우에는 최대 30일분까지로 함. 다만, 최초 투약일로 부터 24주 이후에 안정된 질병활동도를 보이고 부작용이 없는 환자의 경우 최대 60~90일분까지 인정함. 바. 동 약제를 사용하는 경우에는 「TNF-� inhibitor 사용시 잠복결핵 치료지침」을 따라야 함. (고시 제2024-130호, '24.7.1.)",α,"α:29(p208×2, p213×2, p219×2)",
Sheet1,153,세부인정기준 및 방법,"허가사항 범위 내에서 아래와 같은 기준으로 투여 시 요양급 여를 인정하며, 동 인정기준 이외에는 약값 전액을 환자가 부담토록 함. - 아 래 - 가. 건선1) 투여대상 6개월 이상 지속되는 만성 중증 판상건선 환자(만 18세 이상 성인)로 가), 나), 다) 또는 가), 나), 라)를 충족하는 경우(단, 피부광화학요법(PUVA) 및 중파장 자외선(UVB; Ultraviolet B) 치료법에 모두 금기인 환자는 가), 나), 다) 조건을 충족하는 경우) - 다 음 - 가) 판상건선이 전체 피부면적(Body surface area)의 10% 이상 나) PASI(Psoriasis Area and Severity Index) 10 이상 다) MTX(Methotrexate) 또는 Cyclosporine을 3개월 이상 투여※하였음에도 반응이 없거나 부작용 등으로 치료를 지속할 수 없는 경우 라) 피부광화학요법(PUVA) 또는 중파장자외선(UVB) 치료법으로 3개월 이상 치료하였음에도 반응이 없거나 부작용 등으로 치료를 지속할 수 없는 경우 ※ Methotrexate 또는 Cyclosporine에 부작용이 예상""되거나 부작용이 발생하여 치료를 지속할 수 없는 만 18세 이상 성인 판상 건선에 DMF(Dimethyl fumarate)를 투여한 경우도 포함 * 임상적 근거 등을 바탕으로 의사의 의학적 판단에 따라 부작용이 예상됨이 진료기록부 등을 통해 확인되는 경우 2) 평가방법 가) 동 약제를 12주간(3회) 투여 후 20주 이내에 평가 하여 PASI가 75%이상 감소한 경우 추가 6개월의 투여를 인정함. 나) 이후에는 지속적으로 6개월마다 평가하여 최초 평가 결과가 유지되면 지속적인 투여를 인정함.3) 종양괴사인자알파저해제(TNF-� inhibitor: Adalimumab, Etanercept, Infliximab 주사제), 또는 Ixekizumab, Risankizumab, Secukinumab, Ustekinumab 주사제, Deucravacitinib 경구제에 효과가 없거나 부작용으로 투약을 지속할 수 없는 경우 또는 복약 순응도 개선의 필요성이 있는 경우(교체한 약제는 최소 6개월 투여를 유지하도록 권고함)에 동 약제로 교체투여(Switch)를 급여로 인정하며, 이 경우에는 교체투여에 대한 투여소견서를 첨부하여야 함. 나. 손발바닥 농포증 1) 투여대상 6개월 이상 지속되는 중등도-중증 손발바닥 농포증 환자(만 18세 이상 성인)로 가), 나) 또는 가), 다)를 충족하는 경우(단, 광선요법에 모두 금기인 환자는 가), 나) 조건을 충족하는 경우) - 다 음 - 가) PPPASI(Palmoplantar Psoriasis Area Severity Index) 12 이상 나) Acitretin 또는 MTX(Methotrexate) 또는 Cyclosporine을 치료용량으로 3개월 이상 투여 하였음에도 반응이 없거나 부작용 등으로 치료를 지속할 수 없는 경우(소견서 첨부) 다) 광선요법으로 3개월 이상 치료하였음에도 반응이 없거나 부작용 등으로 치료를 지속할 수 없는 경우 2) 평가방법 가) 동 약제를 20주간(4회) 투여 후 28주 이내에 평가 하여 PPPASI가 50%이상 감소한 경우 추가 6개월의 투여를 인정함. 나) 이후에는 지속적으로 6개월마다 평가하여 최초 평가 결과가 유지되면 지속적인 투여를 인정함.다. 활동성 및 진행성 건선성 관절염 1) 투여대상 1종 이상의 종양괴사인자알파저해제(TNF-� inhibitor) 또는 IL-17 inhibitor에 반응이 불충분하거나 부작용, 금기 등으로 치료를 중단한 활동성 및 진행성 건선성 관절염 환자 2) 평가방법 가) 동 약제를 6개월간 사용 후 활성 관절수가 최초 투여시점 보다 30% 이상 감소된 경우 추가 6개월 간의 사용을 인정함. 나) 이후에는 6개월마다 평가하여 첫 6개월째의 평가 결과가 유지되면 지속적인 투여를 인정함. 3) 동 약제에 효과가 없거나 부작용으로 투약을 지속할 수 없어 이전에 투여한 적이 없는 TNF-� inhibitor (Etanercept, Adalimumab, Infliximab, Golimumab 주사제) 또는 Secukinumab, Ixekizumab, Ustekinumab, Risankizumab 주사제로 교체투여(Switch)하는 경우 급여를 인정하며, 이 경우에는 교체투여에 대한 투여 소견서를 첨부하여야 함. (고시 제2024-130호, '24.7.1.)",α,"α:31(p228×2, p254×2, p216×2)",
Sheet1,160,세부인정기준 및 방법,"각 약제별 허가사항 범위 내에서 아래와 같은 기준으로 투여 시 요양급여를 인정하며, 동 인정기준 이외에는 약값 전액을 환자가 부담토록 함. - 아 래 - 가. 건선 1) 투여대상 6개월 이상 지속되는 만성 중증 판상건선 환자(만 18세 이상 성인)로 가), 나), 다) 또는 가), 나), 라)를 충족하는 경우(단, 피부광화학요 법(PUVA) 및 중파장 자외선(UVB; Ultraviolet B) 치료법에 모두 금기인 환자는 가), 나), 다) 조건을 충족하는 경우) - 다 음 - 가) 판상건선이 전체 피부면적(Body surface area)의 10% 이상 나) PASI(Psoriasis Area and Severity Index) 10 이상 다) MTX(Methotrexate) 또는 Cyclosporine을 3개월 이상 투여*하였음에도 반응이 없거나 부작용 등으로 치료를 지속할 수 없는 경우라) 피부광화학요법(PUVA) 또는 중파장자외선(UVB) 치료법으로 3개월 이상 치료하였음에도 반응이 없거나 부작용 등으로 치료를 지속할 수 없는 경우 ※ Methotrexate 또는 Cyclosporine에 부작용이 예상 되거나 부작용이 발생하여 치료를 지속할 수 없는 만 18세 이상 성인 판상 건선에 DMF(Dimethyl fumarate)를 투여한 경우도 포함 * 임상적 근거 등을 바탕으로 의사의 의학적 판단에 따라 부작용이 예상됨이 진료기록부 등을 통해 확인되는 경우 2) 평가방법 가) 동 약제를 16주간(3회) 투여 후 평가하여 PASI가 75%이상 감소한 경우 추가 6개월의 투여를 인정함. 나) 이후에는 지속적으로 6개월마다 평가하여 최초 평가결과가 유지되면 지속적인 투여를 인정함. 3) 종양괴사인자알파저해제(TNF-� inhibitor: Adalimumab, Etanercept, Infliximab 주사제), 또는 Guselkumab, Ixekizumab, Secukinumab, Ustekinumab 주사제, Deucravacitinib 경구제에 효과가 없거나 부작용으로 투약을 지속할 수 없는 경우 또는 복약순응도 개선의 필요성이 있는 경우(교체한 약제는 최소 6개월 투여를 유지하도록 권고함)에 동 약제로 교체투여(Switch)를 급여로 인정하며, 이 경우에는 교체투여에 대한 투여 소견서를 첨부하여야 함. 나. 활동성 및 진행성 건선성 관절염 1) 투여대상 1종 이상의 종양괴사인자알파저해제(TNF-� inhibitor) 또는 IL-17 inhibitor에 반응이 불충분하거나 부작용, 금기 등으로 치료를 중단한 활동성 및 진행성 건선성 관절염 환자2) 평가방법 가) 동 약제를 6개월 사용 후 활성 관절수가 최초 투여 시점보다 30% 이상 감소된 경우 추가 6개월간의 사용을 인정함. 나) 이후에는 6개월마다 평가하여 첫 6개월째의 평가 결과가 유지되면 지속적인 투여를 인정함. 3) 동 약제에 효과가 없거나 부작용으로 투약을 지속할 수 없어 이전에 투여한 적이 없는 TNF-� inhibitor (Etanercept, Adalimumab, Infliximab, Golimumab 주사제) 또는 Secukinumab, Ixekizumab, Ustekinumab, Guselkumab 주사제로 교체투여(Switch)하는 경우 급여를 인정하며, 이 경우에는 교체투여에 대한 투여 소견서를 첨부하여야 함. (고시 제2024-130호, '24.7.1.)",α,"α:31(p228×2, p254×2, p216×2)",
Sheet1,161,세부인정기준 및 방법,"1. 허가사항 범위 내에서 아래와 같은 기준으로 투여 시 요양급여를 인정하며, 동 인정기준 이외에는 약값 전액을 환자가 부담토록 함. - 아 래 - 가. 건선 1) 투여대상 6개월 이상 지속되는 만성 중증 판상건선 환자(만 18세 이상 성인)로 가), 나), 다) 또는 가), 나), 라)를 충족하는 경우(단, 피부광화학요법(PUVA) 및 중파장 자외선(UVB; Ultraviolet B)에 모두 금기인 환자는 가), 나), 다) 조건을 충족하는 경우) - 다 음 - 가) 판상건선이 전체 피부면적(Body surface area)의 10% 이상 나) PASI(Psoriasis Area and Severity Index) 10이상 다) MTX(Methotrexate) 또는 Cyclosporine을 3개월 이상 투여※하였음에도 반응이 없거나 부작용 등으로 치료를 지속할 수 없는 경우 라) 피부광화학요법(PUVA) 또는 중파장자외선(UVB) 치료법으로 3개월 이상 치료하였음에도 반응이 없거나 부작용 등으로 치료를 지속할 수 없는 경우 ※ Methotrexate 또는 Cyclosporine에 부작용이 예상""되거나 부작용이 발생하여 치료를 지속할 수 없는 만 18세 이상 성인 판상 건선에 DMF(Dimethyl fumarate)를 투여한 경우도 포함 * 임상적 근거 등을 바탕으로 의사의 의학적 판단에 따라 부작용이 예상됨이 진료기록부 등을 통해 확인되는 경우 2) 평가방법 가) 동 약제를 12주간 사용 후 평가하여 PASI가 75%이 상 감소한 경우 추가 6개월의 투여를 인정함. 나) 이후에는 지속적으로 6개월마다 평가하여 최초 평가결과가 유지되면 지속적인 투여를 인정함. 나. 활동성 및 진행성 건선성 관절염 1) 투여대상 두 가지 종류 이상의 DMARDs로 총 6개월 이상(각 3개월 이상) 치료하였음에도 치료효과가 미흡하거나, 상기 약제들의 부작용 등으로 치료를 중단한 활동성 및 진행성 건선성 관절염 환자로서 다음 조건에 부합 하는 경우 - 다 음 - ○ 3개 이상의 압통 관절과 3개 이상의 부종 관절이 존재하여야 하며, 1개월 간격으로 2회 연속 측정한 결과이어야 함.2) 평가방법 가) 동 약제를 6개월 사용 후 활성 관절수가 최초 투여 시점보다 30% 이상 감소된 경우 추가 6개월간의 사용을 인정함. 나) 이후에는 6개월마다 평가하여 첫 6개월째의 평가 결과가 유지되면 지속적인 투여를 인정함. 다. 중증의 강직성척추염 1) 투여대상 두 가지 종류 이상의 비스테로이드항염제(NSAIDs) 혹은 DMARDs로 3개월 이상 치료를 하였으나 치료 효과가 미흡하거나, 상기 약제들의 부작용 등으로 치료를 중단한, 중증의 활동성 강직성 척추염 환자 ※ 중증의 활동성 강직성 척추염 : Modified New York criteria 1984(아래 참조)를 근거로 하여, 방사선학적 기준(Radiologic criteria)과 2개 이상((1)항은 반드시 포함)의 임상적 기준 (Clinical criteria)을 동시에 만족하며, Bath 강직성 척추염의 질병 활동 지수(BASDAI: Bath Ankylosing Spondilitis Disease Activity Index)가 적어도 4 이상인 경우 가) 방사선학적 기준(Radiologic criteria) 천장골염: 양측성 Grade 2이상, 편측성 Grade 3 혹은 4(Sacroilitis: Grade ≥2 bilateral or Grade 3 or 4 unilateral.) 나) 임상적 기준(Clinical criteria ) (1) 운동 시 호전되나, 휴식으로는 호전되지 않는 3개월 이상의 요통과 강직(Low back pain and stiffness for more than 3months, which improves with exercise but is not relieved by rest.) (2) 시상면과 전두면 모두에서 요추골 운동의 제한(Limitation of motion of the lumbar spine in both the sagittal and frontal planes.) (3) 흉부팽창의 제한(Limitation of chest expansion.) 2) 평가방법 가) 동 약제를 16주간 사용 후 평가하여 BASDAI가 50% 또는 2(Scale 0-10)이상 감소한 경우 추가 6개월의 투여를 인정함. 나) 이후에는 6개월마다 평가하여 첫 16주째의 평가결 과가 유지되면 지속적인 투여를 인정함. 2. 종양괴사인자알파저해제(TNF-⌀ inhibitor: Adalimumab, Etanercept, Golimumab, Infliximab 주사제) 또는 Ixekizumab, Ustekinumab, Guselkumab, Risankizumab 주사제, Tofacitinib, Upadacitinib, Deucravacitinib 경구제에 효과가 없거나 부작용으로 투약을 지속할 수 없는 경우 또는 복약순응도 개선의 필요성이 있는 경우 (교체한 약제는 최소 6개월 투여를 유지하도록 권고함)에 동 약제로 교체투여(Switch)를 급여로 인정하며, 이 경우에는 교체투여에 대한 투여소견서를 첨부하여야 함. 3. 동 약제가 자가 주사제제인 점을 고려하여, 동 약제의 투여기간 등의 확인을 위한 '환자용 투약일지'를 환자가 작성하고 이를 요양기관이 관리하여야 함. 4. 장기처방 시 1회 처방기간은 퇴원할 경우 및 외래의 경우에는 4주분까지로 하며, 원내처방 함을 원칙으로 함. 다만, 최초 투약일로부터 24주 이후에 안정된 질병활동도를 보이고 부작용이 없는 환자의 경우 최대 8~12주 분까지 인정함. 5. 동 약제를 사용하는 경우에는 「TNF-� inhibitor 사용시 잠복결핵 치료지침」을 따라야 함. (고시 제2024-130호, '24.7.1.)",α,"α:8(p193×1, p202×1, p208×1)",
Sheet1,177,세부인정기준 및 방법,"1. 허가사항 범위 내에서 아래와 같은 기준으로 투여 시 요양급여를 인정하며, 동 인정기준 이외에는 약값 전액을 환자가 부담토록 함. - 아 래 - 가. 일반 환자로서 마취 및 수술 중에 빈맥이 나타날 경우 : 일시용량(Bolus dose)(0.5-1mg/kg)을 3회까지 인정 나. 심혈관계 질환(고혈압, 심장질환 등)을 가진 환자의비심장 수술시 : 일시용량(Bolus dose) (0.5-1mg/kg)와 유지용량(Maintenance dose)(50-300�g/kg/min)을 인정 다. 심혈관계(Open heart) 수술시 : 진료의사가 판단 하여 필요시에는 허가사항(용법·용량) 범위 내에서 인정 라. 수술의 경우 외에 단시간 조절을 필요로 하는 긴급 상황에서도 사용 필요성이 있으므로 다음의 경우에 효능·효과 범위 내에서 1~2일 정도 단기간 투여 시 에는 인정함. - 다 음 - 1) 고혈압을 동반한 대동맥 박리증 2) 고혈압성 응급증 3) 급성 심근경색증 4) 불안정형 협심증 및 심근허혈과 관련된 심실 빈맥증 5) 타 제제에 반응하지 않는 심실상성 빈맥증 6) 기타 긴급상황 2. 허가사항 범위(효능·효과)를 초과하여 마취 및 수술 중 급격한 혈압상승이 있는 경우에 투여한 경우에도 요양 급여를 인정함. (고시 제2013-127호, '13.9.1.)",μ,μ:1(p265×1),
Sheet1,211,세부인정기준 및 방법,"1. 허가사항 범위 내에서 아래와 같은 기준으로 투여 시 요양급여를 인정하며, 동 인정기준 이외에는 약값 전액을 환자가 부담토록 함. - 아 래 - 가. 경피적 경혈관 관상동맥 확장술(PTCA) 시술 시 고위험(High risk) 환자 나. 경피적관상동맥중재술(PCI) 시술 중 고위험 급성 심근경색(High risk AMI)환자 다. 경피적 경혈관 관상동맥 확장술(PTCA) 시술 도중이나 후에 혈전(Thrombus)으로 인해 급성폐쇄(Acute closure)가 생긴 경우 라. Stent 삽입후 혈전(Thrombus)으로 인해 재흐름 (Re-flow)이 없는 경우 마. 급성관상동맥증후군(Acute coronary syndrome) 으로 흉부통증(Chest pain) 등 임상증상이 있고 혈관검사(Angio)에서 상당량의 혈전(Thrombus)가 관찰되어 급성폐쇄(Acute closure)가 예상되는 경우. 단, 급성폐쇄(Acute closure)가 예상되는 경우란 1) 재흐름이 없는(No re-flow) 상태(완전폐색(Total occlusion)에 의한 경우는 제외) 2) 혈관검사(Angio)에서 새로운 혈전(New thrombus)이 확인된 상태 3) 경피적 경혈관 관상동맥 확장술(PTCA) & Stent 삽입술 후 강내 혼탁 (Intraluminal hazziness) 등의 증상이 있는 상태 2. 허가사항 범위(용법·용량)를 초과하여 상기 투여대상환자에게 0.25mg/kg 일시(Bolus) 관상동맥주입 후 12시간동안 10�g/min 용량으로 연속 정맥주입 시 요양급여를 인정함. (고시 제2018-253호, '18.12.1.)",,,
Sheet1,213,세부인정기준 및 방법,"1. 허가사항 범위 내에서 투여 시 요양급여 함을 원칙 으로 함. 2. 허가사항 중 만성동맥 폐색증(버거씨병, 폐색성동맥 경화증)에 의한 사지궤양 및 안정 시 통증의 개선을 위해서는 아래와 같이 요양급여를 인정하며, 동 인정기준 이외에는 약값 전액을 환자가 부담토록 함. - 아 래 - 가. 투여기간 및 용량 : 1일 5~10�g씩 4주 범위 내에서 투여 나. 안정 시 통증의 개선을 위해 투여 시 투여기준 1) 임상증상 및 이학적소견 등 다음 3가지 항목 중 2가 지 이상은 충족되어야 함. - 다 음 - 가) 임상증상 : 통증, 둔통, 경련, 지각둔화, 근육의 피로감 등 나) 이학적 소견 (1) 시진 : 거상하수시험에 따른 혈액충만속도(2) 촉진, 청진 : 혈관촉진 및 청진에 따른 맥박의 약화 및 소실, 혈관잡음 확인, 냉감, 근육약화 등 다) 검사방법 : (1) 침습적 검사방법(혈관조영술) (2) 비침습적 검사방법(도플러 등) 2) 외래에서 1차적으로 경구용 혈류개선제를 사용하였 으나 통증이 소실되지 않아 입원하여 경구용제로 2-3회 조절이 안 되는 경우 사용하는 것을 원칙으로 함.(타 혈류개선제와의 병용투여는 인정하지 아니함) 3. 허가사항(용법 · 용량) 범위를 초과하여 간이식에 투여한 경우에는 요양급여를 인정함. 4. 허가사항 범위를 초과하여 다음과 같은 경우에는 약값 전액을 환자가 부담토록 함. - 다 음 - ○ 조혈모세포이식 후 정맥폐쇄병(VOD after HSCT; veno-occlusive disease after hematopoietic stem-cell transplantation) 고위험인 환자에게 저 용량 헤파린을 사용할 수 없는 경우(혈소판이 낮은 경우, 출혈경향, 알러지 등)에 한하여 예방목적으로 투 여한 경우 (고시 제2021-294호, '21.12.1.)",,,
Sheet1,214,세부인정기준 및 방법,"1. 허가사항 범위 내에서 투여 시 요양급여 함을 원칙으로 함. 2. 허가사항 중 만성동맥폐색증(버거씨병, 폐색성동맥경화증)의 사지궤양 및 안정 시 동통 등의 개선을 위해 필요한 경우 에는 아래와 같이 요양급여를 인정하며, 동 인정기준 이외에는 약값 전액을 환자가 부담토록 함. - 아 래 - 가. 동맥 내 투여는 1일 10~15�g을 3주까지 인정(동맥내 주입 시 필요한 펌프는 산정할 수 없음 )나. 정맥 내 투여는 1일 알프로스타딜로서 40~60�g을 최대 4주 범위 내에서 인정 3. 허가사항 범위를 초과하여 아래와 같은 경우에도 요양 급여를 인정함. - 아 래 - 가. 폐동맥폐쇄상병에 심장수술 후 발생한 폐동맥고혈압 치료목적으로 투여한 경우(0.1�g/kg/min으로 최대 10일 범위 내 인정) 나. 간이식에 허가(용법 · 용량) 범위를 초과하여 투여한 경우 다. 폐이식을 위한 공여자 폐 적출 시 사용한 경우 1,000�g 까지 인정 4. 허가사항 범위를 초과하여 다음과 같은 경우에는 약값 전액을 환자가 부담토록 함. - 다 음 - ○ 조혈모세포이식 후 정맥폐쇄병(VOD after HSCT; veno-occlusive disease after hematopoietic stem-cell transplantation) 고위험(High risk)인 환자에게 저용량 헤파린을 사용할 수 없는 경우(혈소 판이 낮은 경우, 출혈경향, 알러지 등)에 한하여 예방 목적으로 투여한 경우 (고시 제2022-207호, '22.9.1.)",,,
Sheet1,263,세부인정기준 및 방법,"허가사항 범위 내에서 아래와 같은 기준으로 투여 시 요양 급여를 인정하며, 동 인정기준 이외에는 약값 전액을 환자가 부담토록 함. - 아 래 - 1. 투여대상 ○ 성인 중증 호산구성 천식 환자 중 고용량의 흡입용 코르티코스테로이드-장기지속형 흡입용 베타2 작용제 (ICS-LABA)와 장기지속형 무스카린 길항제(LAMA)의 투여에도 불구하고 적절하게 조절이 되지 않는 경우로서 다음 1), 2) 조건 중 하나에 해당하는 경우 ※ ICS-LABA: Inhaled CorticoSteroids-Long Acting Beta-2 Agonist LAMA: Long Acting Muscarinic Antagonist - 다 음 - 1) 치료 시작 전 12개월 이내에 혈중 호산구 수치가 300 cells/�l 이상이면서 - 치료 시작 전 12개월 이내에 전신 코르티코스테로이드가 요구되는 천식 급성악화가 4번 이상 발생하였거나, 치료 시작 6개월 전부터 prednisolone 5mg/day 와 동등한 수준 이상의 경구용 코르티코스테로이드를 지속적으로 투여한 경우 2) 치료 시작 전 12개월 이내에 혈중 호산구 수치가 400 cells/�l 이상이면서 - 치료 시작 전 12개월 이내에 전신 코르티코스테로이드가 요구되는 천식 급성악화가 3번 이상 발생한 경우 2. 평가방법 ○ 동 약제 투여 전과 투여 후 매 1년마다 평가하여 다음중 한 가지 이상을 만족하면서, 전반적인 천식조절을 확인한 환자에 대한 투여 소견서 제출 시 지속 투여를 인정함. (단, 임상증상 등을 고려하여 효과가 불충분하다고 판단되는 경우에는 1년 이내이더라도 치료효과를 평가할 수 있음.) - 다 음 - 1) 천식 급성악화의 빈도가 치료 시작 전 대비 50% 이상 감소 2) 지속적인 경구용 코르티코스테로이드 치료가 필요한 환자의 경우 천식증상 조절을 개선하거나 유지하면서 경구용 코르티코스테로이드 용량을 치료 시작 전 대비 50% 이상 감소 3. 중증 천식 환자에 사용하는 생물학적 제제(omalizumab, mepolizumab, reslizumab, benralizumab)간 병용 투여는 급여 인정하지 아니함. 4. 교체투여 가. 중증 호산구성 천식 환자에 사용하는 생물학적 제제 (mepolizumab, reslizumab, benralizumab)간 교체투여 및 동 약제에서 omalizumab으로의 교체 투여는 인정하지 아니함. 나. omalizumab 주사제 투여 후 동 약제로의 교체투여는 다음의 조건을 모두 만족하면서 투여소견서 첨부 시 사례별로 급여 인정함. - 다 음 - 1) omalizumab 주사제를 3-6개월 이상 사용하였음에도 효과가 불충분하거나 부작용으로 투약을 지속할 수 없는 경우 또는 복약순응도 개선의 필요성이 있는 경우 2) 동 약제의 투여대상 조건을 만족하는 경우 (고시 제2024-130호, '24.7.1.)",,,
Sheet1,265,세부인정기준 및 방법,"허가사항 범위 내에서 아래와 같은 기준으로 투여 시 요양 급여를 인정하며, 동 인정기준 이외에는 약값 전액을 환자가 부담토록 함. - 아 래 - 1. 투여대상○ 성인 중증 호산구성 천식 환자 중 고용량의 흡입용 코르티코스테로이드-장기지속형 흡입용 베타2 작용제 (ICS-LABA)와 장기지속형 무스카린 길항제(LAMA)의 투여에도 불구하고 적절하게 조절이 되지 않는 경우로서 다음의 조건을 모두 만족하는 경우 ※ ICS-LABA: Inhaled CorticoSteroids-Long Acting Beta-2 Agonist LAMA: Long Acting Muscarinic Antagonist - 다 음 - 1) 치료 시작 시 혈중 호산구 400 cells/�l 이상 2) 치료 시작 전 12개월 이내에 전신 코르티코스테로이드가 요구되는 천식 급성악화가 3번 이상 발생한 경우 2. 평가방법 ○ 동 약제 투여 전과 투여 후 매 1년마다 평가하여 다음 중 한 가지 이상을 만족하면서, 전반적인 천식조절을 확인한 환자에 대한 투여 소견서 제출 시 지속 투여를 인정함. (단, 임상증상 등을 고려하여 효과가 불충분하다고 판단되는 경우에는 1년 이내이더라도 치료효과를 평가할 수 있음.) - 다 음 - 1) 천식 급성악화의 빈도가 치료 시작 전 대비 50% 이상 감소 2) 지속적인 경구용 코르티코스테로이드 치료가 필요한 환자의 경우 천식증상 조절을 개선하거나 유지하면서 경구용 코르티코스테로이드 용량을 치료 시작 전 대비 50% 이상 감소 3. 중증 천식 환자에 사용하는 생물학적 제제(omalizumab, mepolizumab, reslizumab, benralizumab)간 병용 투여는 급여 인정하지 아니함.4. 교체투여 가. 중증 호산구성 천식 환자에 사용하는 생물학적 제제 (mepolizumab, reslizumab, benralizumab)간 교체투여 및 동 약제에서 omalizumab으로의 교체 투여는 인정하지 아니함. 나. omalizumab 주사제 투여 후 동 약제로의 교체투여는 다음의 조건을 모두 만족하면서 투여소견서 첨부 시 사례별로 급여 인정함. - 다 음 - 1) omalizumab 주사제를 3-6개월 이상 사용하였음에도 효과가 불충분하거나 부작용으로 투약을 지속할 수 없는 경우 또는 복약순응도 개선의 필요성이 있는 경우 2) 동 약제의 투여대상 조건을 만족하는 경우 (고시 제2024-130호, '24.7.1.)",,,
Sheet1,268,세부인정기준 및 방법,"허가사항 범위 내에서 아래와 같은 기준으로 투여 시 요양급여를 인정하며, 동 인정기준 이외에는 약값 전액을 환자가 부담토록 함. - 아 래 - 가. 투여대상 (아래 1), 2), 3), 4) 조건을 동시에 충족하는 경우) 1) 전신성 염증반응 증후군의 경우 다음 항목 중, 2개 이상에 해당하는 경우 가) 체온>38°C 또는 <36°C 나) 심박수>90회/분 다) 호흡수>20회/분 또는 PaCO2<32mmHg 라) 백혈구수>12,000/�, <4,000/�l 또는 간상 호중구>10% 2) 급성폐손상의 경우 이하의 전항목에 해당하는 경우 가) 폐기능 저하(PaO2/FiO2 200 이상 300mmHg이하로 기계적 인공호흡 관리하)가 있고 나) 흉부 X선 소견에서 양측성 침윤음영이 있으며 다) 폐동맥 쐐기압이 측정된 경우에는 폐동맥 쐐기압 ≤18mmHg, 측정되지 않는 경우에는 좌심방 상승의 임상소견이 없는 경우 3) 해당연령 : 만16세-75세 4) 폐를 포함하여 손상 장기수가 3개 이하 나. 제외대상 (아래 1), 2), 3) 조건 중 한 항목이라도 해당 하는 경우) 1) 열상 및 외상을 수반하는 급성폐손상 환자 2) 고도의 만성호흡기질환을 합병하는 환자 3) 원인질환에 대한 유효한 치료를 할 수 없는 환자 다. 투여기간 : 14일 이내 (고시 제2013-127호, '13.9.1.)",,,
Sheet1,304,세부인정기준 및 방법,"1. 각 약제별 허가사항(효능 · 효과) 범위 내에서 아래와 같은 기준으로 투여 시 요양급여를 인정하며, 동 인정기준 이외에는 약값 전액을 환자가 부담토록 함. - 아 래 - 가. 소아성장호르몬결핍증1) 소아성장호르몬결핍증 가) 투여대상 (1) 해당 역연령의 3퍼센타일 이하의 신장이면서, (2) 2가지 이상 성장호르몬 유발검사로 확진되고, (3) 해당 역연령보다 골연령이 감소된 자 나) 투여용량 ○ 주당 0.5 - 0.71 IU/kg 다) 투여기간 ○ 역연령 만2세 이후부터 골단이 닫히기 전까지 투여하나 골연령이 여자의 경우 14-15세, 남자의 경우 15-16세 범위 내에서 급여하고, 동 범주 내에 포함되지만 현재 신장이 여자의 경우 153cm, 남자의 경우 165cm 초과되는 자는 전액 본인 부담함. 2) 기질적인 원인으로 인하여 뇌하수체기능이 저하된 경우(예 : 뇌하수체절제술, 방사선 치료 등) 가) 투여대상 (1) 뇌하수체절제술을 시행한 경우 : 한 가지 이상 성장호르몬 유발검사로 확진된 자 (2) 방사선 치료 등으로 인한 뇌하수체기능이 저하된 경우:두 가지 이상 성장호르몬 유발검사로 확진된 자 나) 투여용량 ○ 키가 크더라도 성장판이 닫힐 때까지는 전체 용량 (Full dose), 그 다음엔 성인성장호르몬결핍증 치료용량으로 인정 다) 투여기간 ○ 골단이 닫히기 전까지 투여하나 골연령이 여자의 경우 14-15세, 남자의 경우 15-16세 범위 내에서 급여하고, 동 범주 내에 포함되더라도 현재 신장이 여자의 경우 153cm, 남자의 경우 165cm 초과되는자는 전액 본인 부담함. 나. 터너증후군 1) 투여대상 ○ 진찰소견에서 터너증후군의 특징을 갖춘 자로서 염색체 검사로 확진된 자 2) 투여용량 ○ 주당 1.0 IU/kg 단, 동 투여용량에 충분한 반응이 없는 경우, '노디트로핀노디플렉스주'에 한해 허가사항에 따라 주당 1.4 IU/kg까지 인정함. 3) 투여기간 ○ 역연령 만2세 이후부터 골단이 닫히기 전까지 투여 하나 골연령 14-15세 범위 내에서 급여하고 동 범주 내에 포함되더라도 현재 신장이 153cm 초과 되는 자는 전액 본인 부담함. 다. 소아만성신부전 1) 투여대상 가) 연간 신장증가속도가 4cm미만이거나 나) 해당 역연령의 3퍼센타일 이하의 신장이면서 해당 역연령보다 골연령이 감소된 자 2) 투여용량 ○ 주당 0.9 - 1.5 IU/kg 3) 투여기간 ○ 역연령 만2세 이후부터 골단이 닫히기 전까지 투여 하나 골연령이 여자의 경우 14-15세, 남자의 경우 15-16세 범위 내에서 급여하고 동 범주내에 포함 되더라도 현재 신장이 여자의 경우 153cm, 남자의 경우 165cm 초과되는 자는 전액 본인부담 라. 성인성장호르몬결핍증 1) 투여대상가) 유년기 개시형 결핍증(Childhood onset) 유년기에 성장호르몬 결핍증으로 진단 받은 환자는 골단이 막혔거나, 역연령 남자 만 18세, 여자 만 16세가 넘어 성장이 거의 끝났다고 판정하였을 때 성장호르몬 대체요법을 시작하기 전에 반드시 재평가를 받아 성장호르몬 결핍증임이 확인되어야 함. 나) 성인기 개시형 결핍증(Adult onset) 성장호르몬 대체요법을 시작하기 전에 시상하부 또는 뇌하수체 질환 등에 의한 2차적 성장호르몬 결핍증과 적어도 한 가지 이상의 다른 호르몬 결핍증(프로락틴 제외)이 진단되어야 하며, 적절한 대체요법을 받고 있어야 함. 2) 성장호르몬 결핍증 진단 기준 ○ 성장호르몬 분비 자극검사[인슐린 부하검사(ITT), GHRH 자극검사, L-dopa 자극검사, Arginine 자극검사, Clonidine 자극검사, 글루카곤(Glucagons)] 중 최소한 2가지 이상의 검사를 시행하여 자극된 최대 혈청 성장호르몬 농도가 5ng/ml(또는 5�g /L) 이하로 진단된 경우 (단, 인슐린 부하검사(ITT)를 한 경우는 1가지 검사 만으로도 최대 혈청 성장호르몬 농도가 5ng/ml (또는 5�g/L) 이하이면 인정) 3) 투여용량 ○ 1일 0.018 IU/kg ~ 최대 1일 0.036 IU/kg 4) 투여기간 ○ 3년간 투여 후 다시 자극검사를 시행(기질적 원인에 의한 범뇌하수체 기능저하증으로 확진된 경우는 제외)하여 성장호르몬 결핍이 있으면 연장 가능 (투여소견서와 검사결과를 첨부) 5) 효과에 대한 모니터링○ 치료시작 후 3개월까지는 최소 2-4주 간격으로 시행한 인슐린양 성장인자-I(IGF-I)의 수치로 성장호르몬의 투여용량의 증감을 결정하며 3개월 이후에는 1-3개월 간격으로 인슐린양 성장인자 -I(IGF-I)을 포함한 대사항목을 검사하여 효과에 대한 판정기준으로 함. 마. 프라더윌리증후군(허가사항에 따라 '지노트로핀주' '지노트로핀고퀵펜주', '싸이트로핀에이카트리지주' '유트로핀주', '유트로핀펜주', '유트로핀에스펜주'만 해당) 1) 투여대상 가) 임상증상 및 유전자검사로 확진된 자 나) 중증의 비만, 중증의 호흡장애를 가진 환자에는 투여하지 않음. 다) 성장속도가 연간 1cm 이하 및 골단이 거의 폐쇄된 소아에는 투여하지 않음. 2) 투여용량 ○ 각 약제별 허가사항(용법 · 용량) 범위 내에서 인정함. 단, 1일 최대 2.7mg을 초과하여서는 안 됨. 3) 투여기간 ○ 역연령 만2세 이후부터 골단이 닫히기 전까지 투여 하나 골연령이 여자의 경우 14-15세, 남자의 경우 15-16세 범위 내에서 급여하고 동 범주 내에 포함 되더라도 현재 신장이 여자의 경우 153cm, 남자의 경우 165cm 초과되는 자는 전액 본인부담 바. 임신주수에 비해 작게 태어난(small for gestational age: SGA) 저신장 소아 1) 투여대상 ○ 각 재태기간(주수)에 출생 체중 또는 신장이 3퍼센타일 이하""인 소아 중 만 4세 이후에도 신장이 3퍼센타일이하인 소아 * 관련 기준은 [붙임] 참조 2) 투여용량 ○ 1일 0.035mg/kg(또는 1.0mg/m2). 단, 신장증가효과가 없을 경우에는 1일 0.070mg/kg(또는 2.0mg/m2) 까지 증량가능함. 3) 투여기간 ○ 역연령 만4세 이후부터 골단이 닫히기 전까지 투여 하나 골연령이 여자의 경우 14-15세, 남자의 경우 15-16세 범위 내에서 급여하고 동 범주 내에 포함 되더라도 현재 신장이 여자의 경우 153cm, 남자의 경우 165cm 초과되거나 신장 성장속도가 2cm/년 미만인 자는 전액 본인부담 사. 누난증후군(허가사항에 따라 '노디트로핀노디플렉스주'만 해당) 1) 투여대상 ○ 해당 역연령의 3퍼센타일 이하의 신장이면서 누난 증후군의 특이적인 임상소견을 보이는 자 2) 투여용량 ○ 1일 0.05-0.07mg/kg(주당 1.0-1.5 IU/kg) 3) 투여기간 ○ 역연령 만2세 이후부터 골단이 닫히기 전까지 투여 하나, 골연령이 여자의 경우 14-15세, 남자의 경우 15-16세 범위 내에서 급여하고 동 범주에 포함 되더라도 현재 신장이 여자의 경우 153cm, 남자의 경우 165cm 초과하는 경우에는 약값 전액을 환자가 부담함. 2. 허가사항 범위를 초과하여 특발성 성인성장호르몬결핍증 으로 확진된 경우에 아래와 같은 기준으로 투여 시 요양 급여를 인정함- 아 래 - 가. 성장호르몬 분비 자극검사[인슐린 부하검사(ITT), GHRH 자극검사, L-dopa 자극검사, Arginine 자극검사, Glucagons 검사, Clonidine 자극검사 (추가)]중 최소한 2가지 이상의 검사를 시행하여 자극된 최대 혈청 성장호르몬 농도가 3ng/ml(또는 3�g/L) 이하로 진단된 경우 역연령 35세까지 요양 급여하며, 35세 이후에는 약값 전액을 환자가 부담 토록 함. 나. 투여용량, 투여기간, 효과에 대한 모니터링은 성인성장 호르몬 결핍증과 동일 3. 장기투여원칙 성장호르몬제를 6개월간 투여해도 별 반응이 없는 환 자에 대해서는 진료담당의사는 성장호르몬제 투여의 적정성에 대해 재검토해야 함. 4. 성장호르몬제를 투여할 수 있는 요양기관 조건 가. 반드시 소아과 전문의 또는 내분비학을 전공한 내과 전문의가 상근하여야 함. 나. 성장호르몬제 투여에 관련된 여러 가지 검사(예 : 성장 호르몬 유발검사 및 염색체검사 등)를 실시할 수 있는 인력, 시설 및 장비를 갖추고 자체 검사하여 진단· 처방시 인정함. ○ 방사면역측정법(RIA)에 의한 검사, 터너증후군 진단을 위한 염색체 검사 및 프라더윌리증후군 진단을 위한 유전자 검사 등은 검체검사 위탁에 관한 기준 제3조(수탁기관의 인력 등 기준)에 적합한 기관에 의뢰하여 진단·처방한 경우에도 인정 다. 최초 진단·처방한 요양기관에서 추적관리 하면서 약제 처방만 의원에서 받는 경우는 인정 5. 성장호르몬제는 자가 주사로 처방 가능함.6. 허가사항 범위를 초과하여 「보조생식술 급여기준」에 투여하는 경우에는 ""[일반원칙] 보조생식술에 사용되는 호르몬 약제""에 의거하여 인정함. (고시 제2022-268호, '22.12.1.)",,,
Sheet1,335,세부인정기준 및 방법,"1. 허가사항 범위 내에서 투여 시 요양급여 함을 원칙으로 하며, 허가사항 범위(효능·효과)를 초과하여 아래와 같은 기준 으로 투여한 경우에도 요양급여를 인정함. - 아 래 - 가. 항암제 투여 후 분비성 설사에 고용량의 지사제 투여에도 불구하고 설사가 지속되는 중증 불응성인 경우 5일 이내 인정 나. 소아의 고인슐린혈증의 저혈당증(Persistent Hyperinsulinemic Hypoglycemia of Infancy ;PHHI)으로 다음에 해당하는 경우 - 다 음 - (1) 2~3주 동안 diazoxide 투여 후에도 고인슐린 혈증의 저혈당증이 조절되지 않는 췌장절제 예정인 환자로서 투여소견서 첨부 시 수술 시행 전까지 인정 · 투여 용량 및 방법 : 5-25�g/kg/day을 6~8시간 마다 피하주사하거나 지속적 정맥주입 (2) 췌장절제술 시행 후 고인슐린혈증의 저혈당증이 교정되지 않아 diazoxide 투여한 후에도 조절되지 않는 경우 다. 유미흉(Chylothorax), 유미복수(Chylous ascites)에 1일 0.3mg씩 7~14일간 투여한 경우(소아의 경우 적의 증감가능) 2. 허가사항 범위를 초과하여 아래와 같은 기준으로 투여하는 경우에는 약값 전액을 환자가 부담토록 함. - 아 래 - 가. 위·장관계 수술 후 문합부위 누출에 치료목적으로 투여한 경우 나. 췌장관련 수술 후 합병증 치료에 투여한 경우 (고시 제2019-38호, '19.3.1.)",,,
Sheet1,336,세부인정기준 및 방법,"허가사항 범위 내에서 아래와 같은 기준으로 투여 시 요양급여를 인정하며, 동 인정기준 이외에는 약값 전액을 환자가 부담토록 함. - 아 래 - ○ 수술이 적절하지 않거나 수술로 치료되지 않은 말단 비대증 환자로서 다른 소마토스타틴 유사체(Octreotide 30mg 또는 Lanreotide 120mg)를 최소 24주간 투여 하였으나 충분한 반응을 보이지 않는 다음의 경우- 다 음 - - 평균 성장호르몬(GH, Growth hormone) 수치가 2.5�g/L 이상이고, 인슐린성 성장인자(IGF-1, Insulin-like growth factor 1)이 정상범위상한 (ULN)의 1.3배 이상 (고시 제2017-193호, '17.11.1.)",,,
Sheet1,359,세부인정기준 및 방법,"허가사항 범위 내에서 아래와 같은 기준으로 투여 시 요양 급여를 인정함. - 아 래 - ○ 비암성통증(골관절염, 만성하부요통) 가) 비스테로이드항염제(NSAIDs)의 환자별 최대용량 에도 반응하지 않아 마약성 진통제를 필요로 하는 심한 통증에 7일당 20�g/h까지 인정함 나) 1회 처방당 최대 30일까지 인정함. (고시 제2017-193호, '17.11.1.)",,,
Sheet1,384,세부인정기준 및 방법,"1. 출혈, 수술, 침습적 시술 시 허가사항 범위 내에서 아래와 같은 기준으로 투여시 요양급여를 인정하며, 동 인정기준 이외에는 약값 전액을 환자가 부담토록 함. - 아 래 - 가. 제8인자 및 제9인자 항체 환자 및 후천적 환자 1) 투여 대상 가) 5BU(Bethesda unit) 초과인 경우 나) 5BU 이하인 경우는 항혈우인자를 고용량 투여한 후에도 반응이 없는 경우 다) 최근에 5BU 이하인 환자가 항혈우인자를 고용량 투여해도 반응이 없어 훼이바 혹은 노보세븐 투여에 효과가 있었던 경우 2) 투여 용량 가) 입원환자의 경우 허가사항(용법 ·용량) 범위 내에서 투여 시 요양급여를 인정함. 나) 외래환자의 경우 출혈이 있어 내원 시 원내 에서의 1회 투여분과 2회분 처방 인정 ○ 상기 이상 투여 시에는 진료기록부 등을 참고 하여 출혈소견을 확인 후 요양급여를 인정 토록 함. 나. 선천성 제7응고인자 결핍 혈우병 환자 다. 기존치료에 반응하지 않는 당단백질(GP) IIb-IIIa, 조직적합성항원(HLA)에 대한 항체를 가지고, 현재 혈소판 수혈 불응증이 나타나거나 과거력이 있는 글란즈만 혈소판무력증 (Glanzmann's thrombasthenia) 환자2. 허가사항을 초과하여 아래와 같은 기준으로 투여 시 요양 급여를 인정함. - 아 래 - 가. 투여 대상: 선천성 제7응고인자 결핍 혈우병 환자로서 다음의 조건을 모두 충족하는 경우 - 다 음 - 1) 중증 출혈(중추신경계 출혈 또는 위장관 출혈 또는 영상학적으로 확인된 관절병증)이 있는 경우 2) 혈액응고 7인자 활성도(FactorVI:c)가 2% 미만인 경우 나. 투여 용법·용량: 30�g/kg 이내, 주 3회 투여 시 (고시 제2019-252호, '19.12.1.)",μ,μ:1(p413×1),
Sheet1,403,세부인정기준 및 방법,"1. 허가사항 범위 내에서 아래와 같은 기준으로 투여 시 요양급여를 인정하며, 동 인정기준 이외에 투여하는 경우에는 약값 전액을 환자가 부담토록 함. - 아 래 - 가. 성인의 만성 면역성(특발성) 혈소판 감소성 자반증 1) 투여대상: corticosteroid와 immunoglobulin에 불응인 환자 2) 투여개시 - 혈소판수 20,000/�l 이하 또는- 혈소판수 20,000~30,000/�l 이더라도 임상적 의의가 있는 출혈(중추신경계질환, 위장관출혈, 안출혈 등)이 있는 경우 3) 투여중단 및 재치료 - 1일 최대 용량으로 4주간 투여 후에도, 투여개시 시점 대비 다음의 반응이 없을 경우 투여를 중단하고, 재치료는 인정하지 아니함. - 다 음 - · 혈소판수 20,000/ul 이하인 경우: 혈소판수가 20,000/�l 초과 · 혈소판수 20,000~30,000/�l 이더라도 임상적 의의가 있는 출혈(중추신경계질환, 위장관출혈, 안출혈 등)이 있는 경우: 임상적 의의가 있는 출혈이 멈추고 투여개시 당시 혈소판수보다 증가 4) 투여기간: 치료당 최대 6개월까지 인정함 나. 면역억제요법에 충분한 반응을 보이지 않는 성인의 중증 재생불량성 빈혈 1) 투여대상: 골수검사결과 세포충실도가 현저히 낮으면서 (Cellularity가 25% 이하이거나 25~50%라도 조혈 관련세포가 남아있는 세포의 30% 이하), 말초혈액검사 결과에서 다음 중 2개 이상의 소견이 확인되는 경우 - 절대호중구 수(ANC) 500/ul 이하 - 교정 망상적혈구 1.0% 이하 또는 절대 망상적혈구 수 60x109/L 이하 - 혈소판 수 20,000/�l 이하 2) 투여개시 - 최소 6개월 이상의 ATG(Anti-human thymocyte immunoglobulin)와 Cyclosporine의 병용요법에 불응인 경우. 단, 고령, 감염 등의 사유로 ATG 투여가 어려운 환자는 최소 6개월 이상의 Cyclosporine단독요법에 불응인 경우 3) 투여기간: 치료 당 혈액학적 반응을 나타내는 적정 용량에 도달한 후 최대 6개월까지 인정함 2. 허가사항(효능·효과)을 초과하여 아래와 같은 기준으로 투여한 경우에도 요양급여를 인정함. - 아 래 - 가. 투여대상: 만 6세 이상 소아의 만성 면역성(특발성) 혈소판 감소성 자반증 환자로서 corticosteroid와 immunoglobulin에 불응인 환자 나. 투여개시 - 혈소판수 20,000/�l 이하 또는 - 혈소판수 20,000~30,000/�l 이더라도 임상적 의의가 있는 출혈(중추신경계 질환, 위장관출혈, 안출혈 등)이 있는 경우 다. 투여중단 및 재치료 - 1일 최대 용량으로 4주간 투여 후에도, 투여개시 시점 대비 다음의 반응이 없을 경우 투여를 중단하고, 재치료는 인정하지 아니함. - 다 음 - · 혈소판수 20,000/ul 이하인 경우: 혈소판수가 20,000/�l 초과 · 혈소판수 20,000~30,000/�l 이더라도 임상적 의의가 있는 출혈(중추신경계질환, 위장관출혈, 안출혈 등)이 있는 경우: 임상적 의의가 있는 출혈이 멈추고 투여개시 당시 혈소판수보다 증가 라. 투여기간: 치료당 최대 6개월까지 인정함 ※ 허가사항 중 용법·용량 및 사용상의 주의사항(경고, 일반적 주의, 간장애 환자에 대한 투여 등)을 반드시 준수하여 투여하여야 함 (고시 제2024-100호, '24.6.1.)",,,
Sheet1,415,세부인정기준 및 방법,"1. 허가사항 범위 내에서 아래와 같은 기준으로 투여 시 요양급여를 인정하며, 동 인정기준 이외에 투여하는 경우에는 약값 전액을 환자가 부담토록 함. - 아 래 - 가. 성인의 만성 면역성(특발성) 혈소판 감소성 자반증 1) 투여대상: corticosteroid와 immunoglobulin에 불응인 환자 2) 투여개시 - 혈소판수 20,000/uL 이하 또는 - 혈소판수 20,000-30,000/uL 이더라도 임상적 의의가있는 출혈(중추신경계질환, 위장관출혈, 안출혈 등)이 있는 경우 3) 투여중단 및 재치료 - 1일 최대 용량으로 4주간 투여 후에도, 투여개시 시점 대비 다음의 반응이 없을 경우 투여를 중단하고, 재치료는 인정하지 아니함. - 다 음 - · 혈소판수 20,000/ul 이하인 경우: 혈소판수가 20,000/�l 초과 · 혈소판수 20,000~30,000/�l 이더라도 임상적 의의가 있는 출혈(중추신경계 질환, 위장관출혈, 안출혈 등)이 있는 경우: 임상적 의의가 있는 출혈이 멈추고 투여개시 당시 혈소판수보다 증가 4) 투여기간: 치료당 최대 6개월까지 인정함. 나. 면역억제요법에 불응이거나 면역억제요법이 적용되지 않는 성인의 중증 재생불량성 빈혈 1) 투여대상: 골수검사결과 세포충실도가 현저히 낮으면서 (Cellularity가 25% 이하이거나 25~50%라도 조혈 관련세포가 남아있는 세포의 30% 이하), 말초혈액검사 결과에서 다음 중 2개 이상의 소견이 확인되는 경우 - 절대호중구 수(ANC) 500/ul 이하 - 교정 망상적혈구 1.0% 이하 또는 절대 망상적혈구 수 60x109/L 이하 - 혈소판 수 20,000/�l 이하 2) 투여개시 - 최소 6개월 이상의 ATG(Anti-human thymocyte immunoglobulin)와 Cyclosporine의 병용요법에 불응인 경우. 단, 고령, 감염 등의 사유로 ATG 투여가 어려운 환자는 최소 6개월 이상의 Cyclosporine단독요법에 불응인 경우 3) 투여기간: 치료당 최대 6개월까지 인정함. 2. 허가사항(효능·효과)을 초과하여 아래와 같은 기준으로 투여한 경우에도 요양급여를 인정함. - 아 래 - 가. 투여대상: 만 1세 이상 소아의 만성 면역성(특발성) 혈소판 감소성 자반증 환자로서 corticosteroid와 immunoglobulin에 불응인 환자 나. 투여개시 - 혈소판수 20,000/�l 이하 또는 - 혈소판수 20,000~30,000/�l 이더라도 임상적 의의가 있는 출혈(중추신경계 질환, 위장관출혈, 안출혈 등)이 있는 경우 다. 투여중단 및 재치료 - 1일 최대 용량으로 4주간 투여 후에도, 투여개시 시점 대비 다음의 반응이 없을 경우 투여를 중단하고, 재치료는 인정하지 아니함. - 다 음 - · 혈소판수 20,000/ul 이하인 경우: 혈소판수가 20,000/�l 초과 · 혈소판수 20,000~30,000/�l 이더라도 임상적 의의가 있는 출혈(중추신경계 질환, 위장관출혈, 안출혈 등)이 있는 경우: 임상적 의의가 있는 출혈이 멈추고 투여개시 당시 혈소판수보다 증가 라. 투여기간: 치료당 최대 6개월까지 인정함 ※ 허가사항 중 용법·용량 및 사용상의 주의사항(경고, 일반적 주의, 간장애 환자에 대한 투여 등)을 반드시 준수하여 투여하여야 함 (고시 제2024-100호, '24.6.1.)",,,
Sheet1,450,세부인정기준 및 방법,"1. 허가사항 범위 내에서 아래와 같은 기준으로 투여 시 요양급여를 인정하며, 동 인정기준 이외에는 약값 전액을 환자가 부담토록 함. - 아 래 - 가. NAGS(N-acetylglutamate synthase) 결핍으로 인한 고암모니아혈증 나. 이소발레르산혈증 또는 메틸말론산혈증 또는 프로 피온산혈증으로 인한 고암모니아혈증의 응급상황에 투여한 경우 투여소견서(혈중 암모니아 농도 또는 encephalopathy 소견 등 포함)를 참조하여 인정함. - 다만, 치료 효과가 없거나 증상이 호전된 경우는 투여 중단하여야 함 2. 허가사항 범위를 초과하여 아래와 같은 기준으로 투여한 경우도 요양급여를 인정함. - 아 래 - 가. 요소회로대사이상증이 강력히 의심되나 진단이 되지 않은 환자 1) 투여대상 : 혈청암모니아 수치 150�mol/L이상으 로써 의식변화를 동반한 환자 2) 투여기간 : 5일 이내 * 카바글루는 대사이상에 대한 경험이 풍부한 진료의의 감독아래 처방되어야 함 (고시 제2020-69호, '20.4.1.)",μ,μ:1(p474×1),
Sheet1,456,세부인정기준 및 방법,"허가사항 범위 내에서 아래와 같은 기준으로 투여 시 요양 급여를 인정하며, 동 인정기준 이외에는 약값 전액을 환자가 부담토록 함. - 아 래 - 가. 제1형 고셔병(Gaucher disease)으로 다음 기준을 모두 만족하는 경우 - 다 음 - 1) 성인(18~70세)으로 경증-중등도의 증상을 보이는 경우 2) 혈액학적 검사결과 헤모글로빈이 9.0g/dL 이상이고 혈소판 수치가 50,000/�L 이상인 경우 3) 효소대체요법이 불가능한 경우(효소 약제에 대해 알러지 또는 과민반응이 있거나 효소대체요법을 위한 혈관확보가 불가능한 경우) 나. C형, 니만-피크병(Niemann Pick Type C, NPC) 1) 유전학적 검사(molecular genetic test of NPC1 and/or NPC2 genes)에 대해 가) 유전자 NPC1, NPC2 모두에서 pathogenic mutation이 있으면서 신경학적 증상이 있거나,나) 유전자 NPC1 또는 NPC2 중 1개의 pathogenic mutation만 있는 경우 피부섬유모세포배양을 통한 필리핀 염색법(filipin staining in fibroblasts cultured from skin biopsy)으로 확진되고 신경학적 증상이 있는 환자 2) 치료의 유효성을 6개월마다 평가하고 치료 지속 여부는 1년 후 재평가해야 함 3) 신생아기 초기에 발현하는 경우와 말기 상태의 중증 신경학적 장애(severe neurological impairment)를 보이는 경우에는 치료 효과가 높지 않으므로 인정하지 아니함 (고시 제2019-21호, '19.2.1.)",μ,μ:1(p478×1),
Sheet1,466,세부인정기준 및 방법,"허가사항 범위 내에서 아래와 같은 기준으로 투여 시 요양 급여를 인정하며, 동 인정기준 이외에는 약값 전액을 환자가 부담토록 함. - 아 래 - 가. 투여대상 1) 임상증상과 이학적 및 신경학적 진찰을 포함한 임상 적 검사가 있으면서, 2) 다음 중 한 가지 검사를 시행하여 당뇨병성 다발성 신경병증이 확진된 환자 - 다 음 - 가) 신경전도검사(NCS; Nerve Conduction Study) 나) 정량적 감각기능검사(QST; Quantitative sensory Test) 다) 자율신경계 이상검사(Autonomic nervous System Function Test) 나. 병용투여 ○ Thioctic acid 주사제와 Thioctic acid(또는 �- lipoic acid)경구제와의 병용은 인정하지 않음. 다. 투여기간 : 상기 투여대상에 대해 2-4주간 정맥주사하고, 그 이후에는 경구 투여토록 함. (고시 제2013-127호, '13.9.1.)",α,α:1(p484×1),
Sheet1,475,세부인정기준 및 방법,"1. 각 약제의 허가사항 범위 내에서 투여 시 요양급여를 인정하며, 동일성분 약제 중 보다 투약비용이 저렴한 약제를 우선 사용토록 함. 2. 허가사항 중 만성 활동성 B형간염, 만성 C형간염에는 아래와 같은 기준으로 투여 시 요양급여를 인정하며, 동 인정기준 이외에는 약값 전액을 환자가 부담토록 함. - 아 래 - 가. 만성 활동성 B형간염 상병 1) 500~600만 단위를 주3회 6개월간 투여 2) 500~600만 단위를 매일 4개월간 투여 3) 1000만 단위를 주3회 4개월간 투여 4) 혈중 ALT(Alanine Transaminase) 수치 증가 등 환자 상태에 따라 Hepatotonics(Carduus marianus ext., Ursodeoxycholic acid, DDB 함유 제제 등) 와의 병용투여는 인정하나, ○ Interferon �-2a 주사제와 Hepatotonics 약제 중 한 가지 약제의 약값 전액을 환자가 본인부담토록 함. 나. 만성 C형간염 1) 유전자 1형인 경우 가) 300만 단위를 주3회로 하여 최초 투여일로부터 12개월까지 인정(휴약기간 제외)함. 나) 치료전에 정량검사를 시행하고, 치료 12주에는 C형간염 RNA(HCV RNA) 정량 검사 등을 시행하여 초기 바이러스반응(Early virological response)이 확인된 경우에만 12개월까지 투여를 인정(휴약 기간 제외) 다) HCV RNA가 100Copies/ml (50IU/ml)이하로 감소되지 않거나 또는 기저치로부터 최소 100배 이상 감소되지 않은 경우에는 치료를 중단토록 함.2) 유전자 1형이 아닌 경우 300만 단위를 주3회로 하여 최초 투여일로부터 6개월까지 투여를 인정함(휴약기간 제외). 3) 혈중 ALT 수치 증가 등 환자 상태에 따라 Hepatotonics (Carduus marianus ext., Ursodeoxycholic acid, DDB 함유 제제 등)와의 병용 투여는 인정하나, ○ Interferon �-2a 주사제와 Hepatotonics 약제 중 한가지 약제의 약값 전액을 환자가 본인부담토록 함. 3. 허가사항(효능·효과)을 초과하여 아래와 같은 기준으로 투여 시 요양급여를 인정함. - 아 래 - 가. 카사바흐-메리트 증후군에 Steroid제 등 타 치료 방법으로 반응이 없는 경우 나. 베쳇증후군에 의한 후방 포도막염 (Posterior uveitis) 혹은 전포도막염 (Panuvieits)으로서 다음에 해당 하는 경우 - 다 음 - 1) 기존 치료에 불응하여 시력 저하, 안압 상승 등과 같은 합병증이 동반된 경우. 2) 1개월 이상의 기존 치료에도 불구하고 포도막염이 개선되지 않을 경우. 3) 면역억제 유지요법에도 불구하고 2회 이상 재발할 경우. 4. 신암 : 「암환자에게 처방·투여하는 약제에 대한 요양 급여의 기준 및 방법에 관한 세부사항」의 ""항암요법"" 범위 내에서 인정함. (고시 제2015-118호, '15.7.1.)",α,"α:4(p493×2, p494×2)",
Sheet1,485,세부인정기준 및 방법,"허가사항 범위 내에서 아래와 같은 기준으로 1차 약제로 투여 시 요양급여를 인정하며, 동 인정기준 이외에는 약값 전액을 환자가 부담토록 함. - 아 래 - 가. 투여개시 1) 혈소판수가 150만/�L 이상 또는 2) 혈소판수치 45만/�L 이상으로써 다음 중 어느 하나에 해당하는 경우 가) 만 60세 이상인 환자 나) 혈소판증가증의 관련 증상을 나타내는 환자 다) 혈소판증가증 관련 증상의 기왕력이 있는 환자 나. 투여기간 혈소판수치가 40만/�L 이하가 될 때까지 점진적으로 증량하여 투여하고 이후 반응이 유지되도록 최저 유효량을 조정하여 투여함. (고시 제2019-240호, '19.11.1.)",μ,μ:3(p508×3),
Sheet1,499,세부인정기준 및 방법,"1. 각 약제별 허가사항 범위 내에서 아래와 같은 기준으로 투여 시 요양급여를 인정하며, 동 인정기준 이외에는 약값 전액을 환자가 부담토록 함.(허가사항에 따라 '소아 특발성 관절염'은 오렌시아주 250밀리그램만 해당) - 아 래 - 가. 성인의 활동성 및 진행성 류마티스 관절염 1) 투여대상 다음 가), 나) 조건을 동시에 충족하는 경우 가) ACR/EULAR 진단기준(2010년 제정)에 부합하는 류마티스관절염 환자로서 다음 한 가지에 해당하는 경우 - 다 음 - (1) DAS28이 5.1 초과 (2) DAS28이 3.2 ~ 5.1이고 영상 검사상 관절 손상의 진행이 있는 경우※ DAS28(Disease Activity Score in 28 joints) 。 DAS28(ESR) = 0.56xV(TJC-28) + 0.28xV(SJC-28) + 0.014xVAS + 0.70xIn(ESR) · DAS28(CRP) = 0.56xV(TJC-28) + 0.28xV(SJC-28) + 0.014xVAS + 0.36xIn(CRP+1) + 0.96 TJC: 압통 관절수 SJC: 부종 관절수 VAS: 환자의 전반적인 상태보고나) 두 가지 종류 이상(MTX(Methotrexate) 포함)의 DMARDs(Disease Modifying Anti Rheumatic Drugs)로 6개월 이상(각 3개월 이상) 치료하였으나 치료효과가 미흡하거나, 상기 약제들의 부작용 등으로 치료를 중단한 환자(다만 MTX 사용이 불가능한, 간질환 혹은 신부전 등의 경우에는 MTX를 제외한 두 가지 종류 이상의 DMARDs 사용)2) 평가방법 가) 동 약제를 6개월간 사용 후 평가시 DAS28이 1.2 이상 감소한 경우 추가 6개월간의 사용을 인정함. 나) 이후에는 6개월마다 평가하여 첫 6개월째의 평가 결과가 유지되면 지속적인 투여를 인정함. 나. 다관절형 소아 특발성 관절염 1) 투여대상 다음 가), 나) 조건을 동시에 충족하는 경우 가) ILAR 진단기준(2001년 제정)에 부합하는 다관절형 또는 확장성 소수 관절형 소아 특발성 관절염 환자 (6-17세)로서 5개 이상의 부종 관절을 가지는 경우 나) 1개 이상(MTX 등)의 DMARDs(disease modifying anti-rheumatic drugs)로 3개월 이상 치료 후에도 치료효과가 미흡하거나, 상기 약제의 부작용 등으로 치료를 중단한 환자 2) 평가방법 가) 동 약제를 3개월간 사용 후 평가 시 활성 관절수(부종 관절 등)가 최초 투여시점 보다 30% 이상 감소된 경우 추가 6개월간의 사용을 인정함. 나) 이후에는 6개월마다 평가하여 첫 3개월째의 평가 결과가 유지되면 지속적인 투여를 인정함. 다. 종양괴사인자알파저해제(TNF-� inhibitor: Adalimumab, Etanercept, Golimumab, Infliximab 주사제) 또는 Tocilizumab 주사제, Baricitinib, Tofacitinib, Upadacitinib, Filgotinib 경구제에 효과가 없거나 부작용으로 투약을 지속할 수 없는 경우 또는 복약순 응도 개선의 필요성이 있는 경우(교체한 약제는 최소 6개월 투여를 유지하도록 권고함)에 동 약제로 교체 투여(Switch)를 급여로 인정하며, 이 경우에는 교체 투여에 대한 투여소견서를 첨부하여야 함2. '오렌시아주 250밀리그램'은 허가사항 범위를 초과하여 17세 이전에 다관절형 소아 특발성 관절염(polyarticular juvenile idiopathic arthritis)으로 진단된 후 17세 이후 동 약제 급여기준에 적합하여 동 약제를 사용한 경우에도 요양급여를 인정함. 다만, 6세 이전에 동 약제를 투여하는 경우에는 사례별 심사함. 3. '오렌시아서브큐프리필드시린지 125밀리그램'이 자가 주사제제인 점을 고려하여, 동 약제의 투여기간 등의 확인을 위한 '환자용 투약일지'를 환자가 작성하고 이를 요양기관이 관리하여야 함. 4. 오렌시아서브큐프리필드시린지 125밀리그램'은 장기 처방 시 1회 처방기간은 퇴원할 경우에는 최대 2주분, 외래의 경우에는 최대 4주분까지로 하며, 원내처방함을 원칙으로 함. 다만, 최초 투약일로부터 24주 이후에 안정된 질병활동도를 보이고 부작용이 없는 환자의 경우 최대 8~12주분 까지 인정함. (고시 제2023-296호, '24.1.1.)",α,"α:21(p194×1, p201×1, p208×1)",
Sheet1,501,세부인정기준 및 방법,"허가사항 범위 내에서 아래와 같은 기준으로 투여 시 요양 급여를 인정하며, 동 인정기준 이외에는 약값 전액을 환자가 부담토록 함. - 아 래 - 가. 신생혈관성(습성) 연령관련 황반변성 1) 투여대상: 연령관련 황반변성(Age-related macular degeneration)에 의한 황반하 맥락막 신생혈관 (Subfoveal choroidal neovascularization)을 가진 환자. 2) 제외기준 가) 반흔화된 경우나 위축이 심한 경우 등 나) 초기 3회 투여 후에도 치료효과가 보이지 않는 경우 다) 5회 투여부터는 교정시력이 0.1이하인 경우 (단안시의경우 사례별로 인정) 라) Verteporfin(품명: 비쥬다인)과 병용투여 하는 경우 3) 초기 3회 투여 후 치료 효과판정에 따른 투여 방법 가) 치료효과가 없는 경우 다른 항체 치료제* 중 1품목에 한해 교체투여 가능함 (투여소견서 첨부 및 투여간격 준수). 교체한 약제로 3회 투여 후에도 치료효과가 보이지 않으면 그 이후 투여는 약제불문 요양급여로 인정하지 아니함. 나) 치료효과가 있는 경우(초기 3회 투여 혹은 교체 후 3회 투여 포함) 약제를 선택(교체 포함)하여 지속 투여 할 수 있음. * 다른 항체 치료제: Brolucizumab, Ranibizumab, Faricimab 나. 당뇨병성 황반부종 1) 투여대상: 다음 가), 나) 모두 충족하는 경우 - 다 음 - 가) 헤모글로빈A1C(HbA1C) 10% 이하 나) 최단 중심망막두께(Central retinal thickness) 300�m 이상인 경우 2) 제외대상 가) 황반부 위축, 손상, 또는 경성삼출물 등이 심하여 치료 효과를 기대할 수 없는 경우 나) 황반부종이 국소적이며 황반중심부 부종이 영구적인 손상을 유발할 정도로 심하지 않은 경우 등 3) 투여횟수: 환자당 총 14회 이내(Ranibizumab, Faricimab, Brolucizumab 주사제 투여횟수 포함) 다. 망막분지정맥폐쇄성(Branch Retinal Vein Occlusion, BRVO) 황반부종 1) 투여대상 가) 반대편 눈이 실명(최대교정시력 0.3 이하의 노동력상실 실명)인 경우 나) 반대편 눈의 최대교정시력이 0.4 이상인 경우는 발병 2~3개월이 경과하여도 황반부종이 지속되면서 최대교정시력이 0.5 이하인 경우 2) 투여횟수: 단안당 총 5회 이내(Ranibizumab 주사제 투여횟수 포함) ※ 황반부종은 빛간섭단층촬영 소견에서 황반두께 (Central macular thickness)가 300�m이상인 경우 라. 병적근시로 인한 맥락막 신생혈관 형성 ○ 투여 횟수 : 단안당 총 5회 이내(진단 후 12개월 이내) (Ranibizumab 주사제 투여횟수 포함) (고시 제2024-130호, '24.7.1.)",μ,"μ:4(p532×1, p534×1, p541×1)",
Sheet1,503,세부인정기준 및 방법,"허가사항 범위 내에서 아래와 같은 기준으로 투여 시 요양 급여를 인정하며, 동 인정기준 이외에는 약값 전액을 환자가 부담토록 함. - 아 래 - 가. 신생혈관성(습성) 연령관련 황반변성 1) 투여대상: 연령관련 황반변성(Age-related macular degeneration)에 의한 황반하 맥락막 신생혈관 (Subfoveal choroidal neovascularization)을 가진 환자.2) 제외기준 가) 반흔화된 경우나 위축이 심한 경우 등 나) 초기 3회 투여 후에도 치료효과가 보이지 않는 경우 다) 5회 투여부터는 교정시력이 0.1이하인 경우 (단안시의 경우 사례별로 인정) 라) Verteporfin(품명: 비쥬다인)과 병용투여 하는 경우 3) 초기 3회 투여 후 치료 효과판정에 따른 투여 방법 가) 치료효과가 없는 경우 다른 항체 치료제* 중 1품목에 한해 교체투여 가능함 (투여소견서 첨부 및 투여간격 준수). 교체한 약제로 3회 투여 후에도 치료효과가 보이지 않으면 그 이후 투여는 약제불문 요양급여로 인정하지 아니함. 나) 치료효과가 있는 경우 (초기 3회 투여 혹은 교체 후 3회 투여 포함) 약제를 선택(교체 포함)하여 지속 투여 할 수 있음. * 다른 항체 치료제: Aflibercept, Ranibizumab, Faricimab 나. 당뇨병성 황반부종 1) 투여대상: 다음 가), 나) 모두 충족하는 경우 - 다 음 - 가) 헤모글로빈A1C(HbA1C) 10% 이하 나) 최단 중심망막두께(Central retinal thickness) 300�m 이상인 경우 2) 제외대상 가) 황반부 위축, 손상, 또는 경성삼출물 등이 심하여 치료 효과를 기대할 수 없는 경우 나) 황반부종이 국소적이며 황반중심부 부종이 영구적인 손상을 유발할 정도로 심하지 않은 경우 등 3) 투여횟수: 환자 당 총 14회 이내(Ranibizumab, Faricimab, Aflibercept 주사제 투여횟수 포함) (고시 제2024-130호, '24.7.1.)",μ,"μ:4(p532×1, p534×1, p541×1)",
Sheet1,504,세부인정기준 및 방법,"1. 허가사항 범위 내에서 아래와 같은 기준으로 투여 시 요양급여를 인정하며, 동 인정기준 이외에는 약값 전액을 환자가 부담토록 함. - 아 래 - 가. 성인의 활동성 및 진행성 류마티스 관절염 1) 투여대상 다음 가), 나) 조건을 동시에 충족하는 경우 가) ACR/EULAR 진단기준(2010년 제정)에 부합하는 류마티스관절염 환자로서 다음 한가지에 해당하는 경우 - 다 음 - (1) DAS28이 5.1 초과 (2) DAS28이 3.2 ~ 5.1이고 영상 검사상 관절 손상의 진행이 있는 경우※ DAS28(Disease Activity Score in 28 joints) 。 DAS28(ESR) = 0.56xV(TJC-28) + 0.28xV(SJC-28) + 0.014xVAS + 0.70xIn(ESR) 。 DAS28(CRP) = 0.56xV(TJC-28) + 0.28xV(SJC-28) + 0.014xVAS + 0.36xIn(CRP+1) + 0.96 TJC: 압통 관절수 SJC: 부종 관절수 VAS: 환자의 전반적인 상태보고나) 두 가지 종류 이상(MTX 포함)의 DMARDs (Disease Modifying Anti Rheumatic Drugs)로 6개월 이상 (각 3개월 이상) 치료하였으나 치료효과가 미흡하거나, 상기 약제들의 부작용 등으로 치료를 중단한 환자 (다만 MTX(Methotrexate) 사용이 불가능한, 간질환 혹은 신부전 등의 경우에는 MTX를 제외한 두 가지 종류 이상의 DMARDs 사용) 2) 평가방법 가) 동 약제를 6개월간 사용 후 평가시 DAS28이 1.2이상 감소한 경우 추가 6개월간의 사용을 인정함. 나) 이후에는 6개월마다 평가하여 첫 6개월째의 평가 결과가 유지되면 지속적인 투여를 인정함. 나. 소아 특발성 관절염 1) 투여대상 다음 가), 나) 조건을 동시에 충족하는 경우 가) ILAR 진단기준(2001년 제정)에 부합하는 소아 특발성 관절염 환자로서 다음에 해당하는 경우 - 다 음 - (1) 다관절형 관절염(2-17세): 5개 이상의 부종관절이 있는 경우 (2) 확장성 소수 관절염(2-17세) (3) 건선성 관절염(12-17세) (4) 골부착부위염 관련 관절염(12-17세) 나) 1개 이상(MTX 등)의 DMARDs(disease modifying anti-rheumatic drugs)로 3개월 이상 치료 후에도 치료효과가 미흡하거나, 상기 약제의 부작용 등으로 치료를 중단한 환자. 단, 골부착부위염 관련 관절염은 1개 이상의 비스테로이드항염제(NSAIDs)로 1개월 이상 치료하였으나 치료효과가 미흡하거나, 상기 약제의 부작용 등으로 치료를 중단한 경우도 인정함. 2) 평가방법 가) 동 약제를 3개월간 사용 후 평가 시 활성 관절수(부종 관절 등)가 최초 투여시점 보다 30% 이상 감소된 경우 추가 6개월간의 사용을 인정함. 나) 이후에는 6개월마다 평가하여 첫 3개월째의 평가 결과가 유지되면 지속적인 투여를 인정함. 다. 활동성 및 진행성 건선성 관절염 1) 투여대상 가) 두 가지 종류 이상의 DMARDs로, 총 6개월 이상(각 3개월 이상)치료하였으나 치료 효과가 미흡 하거나, 상기 약제들의 부작용 등으로 치료를 중단한 활동성 및 진행성 건선성 관절염 환자로서 다음 조건에 부합하는 경우 ○ 3개 이상의 압통 관절과 3개 이상의 부종 관절이 존재하여야 하며, 1개월 간격으로 2회 연속 측정 한 결과이어야 함. 나) 다음의 경우에는 동 약제 투여에 주의해야 함 (1) 피부광화학요법(PUVA) 축적용량(Cumulative dosage) 1000주울(Joules)을 초과하여 투여 받은 적이 있는 경우 (2) 울혈성심부전(Congestive Cardiac Failure: CCF)/ 심장혈관질환(Cardiovascular disease)가 있는 경우(New York Heart Association(NYHA) grade 3/4CCF) 2) 평가방법 가) 동 약제를 3개월간 사용 후 활성 관절수가 최초 투여시점 보다 30% 이상 감소된 경우 추가 3개월간의 사용을 인정함. 나) 최초 투약 후 6개월째 평가를 통하여 호전 상태(최초 투여시점 보다 30%이상 감소된 경우)가 유지되는 경우에는 추가 3개월의 사용을 인정함. 다) 이후에는 6개월마다 평가하여 첫 3개월째의 평가 결과가 유지되면 지속적인 투여를 인정함. 라. 중증의 강직성척추염 1) 투여대상 두 가지 종류 이상의 비스테로이드항염제(NSAIDs) 혹은 DMARDs로 3개월 이상 치료를 하였으나 치료 효과가 미흡하거나, 상기 약제들의 부작용 등으로 치료를 중단한, 중증의 활동성 강직성 척추염 환자※ 중증의 활동성 강직성 척추염 : Modified New York criteria 1984(아래 참조)를 근거로 하여, 방사선학적 기준(Radiologic criteria)과 2개 이상((1)항은 반드시 포함)의 임상적 기준(Clinical criteria)을 동시에 만족하며, Bath 강직성 척추염의 질병 활동 지수(BASDAI: Bath Ankylosing Spondilitis Disease Activity Index)가 적어도 4 이상인 경우 가) 방사선학적 기준(Radiologic criteria) 천장골염: 양측성 Grade 2이상, 편측성 Grade 3 혹은 4(Sacroilitis: Grade ≥2 bilateral or Grade 3 or 4 unilateral.) 나) 임상적 기준(Clinical criteria ) (1) 운동 시 호전되나, 휴식으로는 호전되지 않는 3개월 이상의 요통과 강직(Low back pain and stiffness for more than 3 months, which improves with exercise but is not relieved by rest.) (2) 시상면과 전두면 모두에서 요추골 운동의 제한(Limitation of motion of the lumbar spine in both the sagittal and frontal planes.) (3) 흉부팽창의 제한(Limitation of chest expansion.)2) 평가방법 가) 투여 3개월째 평가를 통하여 BASDAI가 50% 또는 2(Scale 0-10)이상 감소한 경우 추가 6개월의 투여를 인정함. 나) 이후에는 6개월마다 평가하여 첫 3개월째의 평가 결과가 유지되면 지속적인 투여를 인정함. 마. 건선 1) 투여대상 6개월 이상 지속되는 만 6세 이상의 만성 중증 판상 건선 환자로 가), 나), 다) 또는 가), 나), 라)를 충족하는 경우(단, 피부광화학요법(PUVA) 및 중파장자외선 (UVB) 치료법에 모두 금기인 환자는 가), 나), 다) 조건을 충족하는 경우) - 다 음 - 가) 판상건선이 전체 피부면적(Body surface area)의10% 이상 나) PASI(Psoriasis Area and Severity Index) 10 이상 다) MTX 또는 Cyclosporine을 3개월 이상 투여 ※ 하였음에도 반응이 없거나 부작용 등으로 치료를 지속할 수 없는 경우 라) 피부광화학요법(PUVA) 또는 중파장자외선(UVB) 치료법으로 3개월 이상 치료하였음에도 반응이 없거나 부작용 등으로 치료를 지속할 수 없는 경우 ※ Methotrexate 또는 Cyclosporine에 부작용이 예상*되거나 부작용이 발생하여 치료를 지속할 수 없는 만 18세 이상 성인 판상 건선에 DMF(Dimethyl fumarate)를 투여한 경우도 포함 * 임상적 근거 등을 바탕으로 의사의 의학적 판단에 따라 부작용이 예상됨이 진료기록부 등을 통해 확인되는 경우 2) 평가방법 가) 성인 (1) 동 약제를 12주간 사용 후 평가하여 PASI가 75% 이상 감소한 경우 추가 6개월의 투여를 인정함. (2) 이후에는 6개월마다 평가하여 최초 평가결과가 유지되면 지속적인 투여를 인정함. 나) 소아 (1) 동 약제를 12주간 사용 후 평가하여 PASI가 75% 이상 감소한 경우 추가 3개월의 투여를 인정함. (2) 재투여가 필요한 경우, 투여기간에 대한 위 지침을 따라야 함. 2. 허가사항을 초과하여, 17세 이전에 소아 특발성 관절염 (juvenile idiopathic arthritis)으로 진단된 후, 17세 이후 동 약제 급여기준에 적합하여 동 약제를 사용한 경우에도 요양급여를 인정함. 다만, 소아 특발성 관절염투여대상 해당 연령 이전에 동 약제를 투여하는 경우에는 사례별 심사함. 3. 다른 종양괴사인자알파저해제(TNF-� inhibitor: Adalimumab, Golimumab, Infliximab 주사제) 또는 Abatacept, Guselkumab, Ixekizumab, Risankizumab, Secukinumab, Tocilizumab, Ustekinumab, Vedolizumab 주사제, Baricitinib, Tofacitinib, Upadacitinib, Filgotinib, Deucravacitinib 경구제에 효과가 없거나 부작용으로 투약을 지속할 수 없는 경우 또는 복약순응도 개선의 필요성이 있는 경우(교체한 약제는 최소 6개월 투여를 유지하도록 권고함)에 동 약제로 교체투여(Switch)를 급여로 인정하며, 이 경우에는 교체투여에 대한 투여 소견서를 첨부하여야 함. 4. 동 약제가 자가 주사제제인 점을 고려하여, 동 약제의 투여기간 등의 확인을 위한 '환자용 투약일지'를 환자가 작성하고 이를 요양기관이 관리하여야 함. 5. 장기 처방 시 1회 처방기간은 퇴원할 경우에는 최대 2주분, 외래의 경우에는 최대 4주 분까지로 하며, 원내처방함을 원칙으로 함. 다만, 최초 투약일로부터 24주 이후에 안정된 질병활동도를 보이고 부작용이 없는 환자의 경우 최대 8~12주분 까지 인정함. 6. 동 약제를 사용하는 경우에는 「TNF-� inhibitor 사용시 잠복결핵 치료지침」을 따라야 함. (고시 제2024-130호, '24.7.1.)",α,"α:29(p208×2, p213×2, p219×2)",
Sheet1,505,세부인정기준 및 방법,"허가사항 범위 내에서 아래와 같은 기준으로 투여 시 요양 급여를 인정하며, 동 인정기준 이외에는 약값 전액을 환자가 부담토록 함. - 아 래 - 가. 신생혈관성(습성) 연령관련 황반변성1) 투여대상: 연령관련 황반변성(Age-related macular degeneration)에 의한 황반하 맥락막 신생혈관 (Subfoveal choroidal neovascularization)을 가진 환자. 2) 제외기준 가) 반흔화된 경우나 위축이 심한 경우 등 나) 초기 3회 투여 후에도 치료효과가 보이지 않는 경우 다) 5회 투여부터는 교정시력이 0.1이하인 경우 (단안시의 경우 사례별로 인정) 라) Verteporfin(품명: 비쥬다인)과 병용투여 하는 경우 3) 초기 3회 투여 후 치료 효과판정에 따른 투여 방법 가) 치료효과가 없는 경우 다른 항체 치료제* 중 1품목에 한해 교체투여 가능함 (투여소견서 첨부 및 투여간격 준수). 교체한 약제로 3회 투여 후에도 치료효과가 보이지 않으면 그 이후 투여는 약제불문 요양급여로 인정하지 아니함. 나) 치료효과가 있는 경우(초기 3회 투여 혹은 교체 후 3회 투여 포함) 약제를 선택(교체 포함)하여 지속 투여 할 수 있음. * 다른 항체 치료제: Aflibercept, Ranibizumab, Brolucizumab 나. 당뇨병성 황반부종 1) 투여대상: 다음 가), 나) 모두 충족하는 경우 - 다 음 - 가) 헤모글로빈A1C(HbA1C) 10% 이하 나) 최단 중심망막두께(Central retinal thickness) 300�m 이상인 경우 2) 제외대상 가) 황반부 위축, 손상, 또는 경성삼출물 등이 심하여 치료 효과를 기대할 수 없는 경우나) 황반부종이 국소적이며 황반중심부 부종이 영구적인 손상을 유발할 정도로 심하지 않은 경우 등 3) 투여횟수: 환자당 총 14회 이내(Aflibercept, Ranibizumab, Brolucizumab 주사제 투여횟수 포함) (고시 제2024-130호, '24.7.1.)",μ,"μ:4(p532×1, p534×1, p541×1)",
Sheet1,508,세부인정기준 및 방법,"각 약제별 허가사항 범위 내에서 아래와 같은 기준으로 투여 시 요양급여를 인정하며, 동 인정기준 이외에는 약값 전액을 환자가 부담토록 함. - 아 래 - 가. 신생혈관성(습성) 연령관련 황반변성 1) 투여대상: 연령관련 황반변성(Age-related maculardegeneration)에 의한 황반하 맥락막 신생혈관 (Subfoveal choroidal neovascularization)을 가진 환자. 2) 제외기준 가) 반흔화된 경우나 위축이 심한 경우 등 나) 초기 3회 투여 후에도 치료효과가 보이지 않는 경우 다) 5회 투여부터는 교정시력이 0.1이하인 경우 (단안시의 경우 사례별로 인정) 라) Verteporfin(품명: 비쥬다인)과 병용투여 하는 경우 3) 초기 3회 투여 후 치료 효과판정에 따른 투여 방법 가) 치료효과가 없는 경우 다른 항체 치료제* 중 1품목에 한해 교체투여 가능함 (투여소견서 첨부 및 투여간격 준수). 교체한 약제로 3회 투여 후에도 치료효과가 보이지 않으면 그 이후 투여는 약제불문 요양급여로 인정하지 아니함. 나) 치료효과가 있는 경우 (초기 3회 투여 혹은 교체 후 3회 투여 포함) 약제를 선택(교체 포함)하여 지속 투여 할 수 있음. * 다른 항체 치료제: Aflibercept, Brolucizumab, Faricimab 나. 당뇨병성 황반부종 1) 투여대상: 다음 가), 나) 모두 충족하는 경우 - 다 음 - 가) 헤모글로빈A1C(HbA1C) 10% 이하 나) 최단 중심망막두께(Central retinal thickness) 300�m 이상인 경우 2) 제외대상 가) 황반부 위축, 손상, 또는 경성삼출물 등이 심하여 치료 효과를 기대할 수 없는 경우 나) 황반부종이 국소적이며 황반중심부 부종이 영구적인손상을 유발할 정도로 심하지 않은 경우 등 3) 투여횟수: 환자당 총 14회 이내(Aflibercept, Faricimab, Brolucizumab 주사제 투여횟수 포함) 다. 망막분지정맥폐쇄성(Branch Retinal Vein Occlusion, BRVO) 황반부종 1) 투여대상 가) 반대편 눈이 실명(최대교정시력 0.3 이하의 노동력 상실 실명)인 경우 나) 반대편 눈의 최대교정시력이 0.4 이상인 경우는 발병 2~3개월이 경과하여도 황반부종이 지속되면서 최대교정시력이 0.5 이하인 경우 2) 투여횟수: 단안당 총 5회 이내(Aflibercept 주사제 투여횟수 포함) ※ 황반부종은 빛간섭단층촬영 소견에서 황반두께(Central macular thickness)가 300�m이상인 경우 라. 병적근시로 인한 맥락막 신생혈관 형성 ○ 투여 횟수 : 단안당 총 5회 이내(aflibercept 주사제 투여횟수 포함)(진단 후 12개월 이내) (고시 제2024-130호, '24.7.1.)",μ,"μ:4(p532×1, p534×1, p541×1)",
Sheet1,551,세부인정기준 및 방법,"허가사항 범위 내에서 1차 약제 투여로 증상이 호전되지 않는 환자에게 투여하는 것을 원칙으로 하며, 아래와 같은 경우에는 1차 약제로 투여 시에도 요양급여를 인정함. - 아 래 、 가. 타 항생제에 내성이 있는 환자, 면역기능이 저하된 환자, 중증감염환자, 심부장기감염환자(예: 폐렴, 급성신우신염), 위장관감염증 나. 중증 폐렴 환자의 경우는 �-Lactam과 병용하여 투여 시에도 인정함. (고시 제2017-77호, '17.5.1.)",β,"β:3(p587×1, p591×1, p599×1)",
Sheet1,559,세부인정기준 및 방법,"허가사항 범위 내에서 1차 약제 투여로 증상이 호전되지 않는 환자에게 투여하는 것을 원칙으로 하며, 아래와 같은 경우에는 1차 약제로 투여 시에도 요양급여를 인정함. - 아 래 - 가. 타 항생제에 내성이 있는 환자, 면역기능이 저하된 환자, 중증 감염환자, 심부장기감염환자(예 : 폐렴) 나. 중증 폐렴 환자의 경우는 �-Lactam과 병용하여 투여 시에도 인정함 (고시 제2013-127호, '13.9.1.)",β,"β:3(p587×1, p591×1, p599×1)",
Sheet1,563,세부인정기준 및 방법,"1. 허가사항 범위 내에서 1차 약제 투여로 증상이 호전되지 않는 환자에게 투여하는 것을 원칙으로 하며, 아래와 같은 경우에는 1차 약제로 투여 시에도 요양급여를 인정함. - 아 래 - 가. 타 항생제에 내성이 있는 환자, 면역기능이 저하된 환자, 중증 감염환자, 심부 장기감염환자(예: 폐렴, 급성 신우신염) 나. 중증 폐렴환자의 경우는 �-Lactam과 병용하여 투여시에도 인정함. 2. 허가사항 범위를 초과하여 아래와 같은 기준으로 투여 시 요양급여를 인정함. - 아 래 - 가. 결핵 환자 중 다음의 경우 - 다 음 - 1) isoniazid 또는 rifampicin에 내성균이 확인된 결핵 2) 균이 확인되지 않았더라도 3-6개월 투여 후 임상의가 치료실패로 적절히 판단하는 경우(투여소견서 첨부) 3) 부작용으로 인해 기존 결핵약제의 계속적인 투여가 곤란한 경우 4) 약물 상호작용이 우려되어 기존 결핵약제(리팜핀 등)의 투여가 곤란한 경우 나. 헬리코박터 파일로리(H.pylori) 감염이 확인된 다음의 환자에서 3차 제균요법으로 10 14일간 투여한 경우 - 다 음 - 1) 소화성궤양 2) 저등급 MALT(Mucosa Associated Lymphoid Tissue) 림프종 3) 조기 위암 절제술 후 4) 특발성 혈소판 감소성 자반증(idiopathic thrombocytopenic purpura) 5) 위선종의 내시경절제술 후 다. 마크로라이드 불응성 마이코플라즈마 폐렴 1) 투여대상: 마크로라이드계 항생제 투여 3일 후에도 증상이 개선되지 않는 소아 2) 용법용량 ○ 5세 미만: 16~20 mg/kg/일, 2회 분복 (최대 750mg/일) ○ 5세 이상: 8~10 mg/kg/일, 1일 1회 (최대 750mg/일) ○ 근골격계 성숙이 이루어진청소년: 500 mg/일, 1일1회 3) 투여기간: 7~14일 이내 ※ 허가사항 중 사용상의 주의사항을 고려하여 임상적 유용성이 위험성보다 높은 경우에 한하여, 근골격계 등 이상반응에 대하여 환자(보호자)에게 충분히 설명 및 동의 후 사용 3. 허가사항 범위를 초과하여 아래와 같은 기준으로 투여 시 약값 전액을 환자가 부담토록 함. - 아 래 - 가. 헬리코박터 파일로리(H.pylori) 감염이 확인된 다음의 환자에서 3차 제균요법으로 10 14일간 투여한 경우 - 다 음 - 1) 위암 가족력[부모, 형제, 자매(first degree)의 위암 까지] 2) 위축성 위염 3) 기타 진료상 제균요법이 필요하여 환자가 투여에 동의한 경우 나. 헬리코박터 파일로리(H.pylori) 감염이 음성인 저등급 MALT(Mucosa Associated Lymphoid Tissue) 림프종 환자에게 3차 제균요법으로 10~14일간 투여한 경우 (고시 제2023-252호, '23.12.20.)",β,β:1(p595×1),
Sheet1,567,세부인정기준 및 방법,"1. 허가사항 범위 내에서 1차 약제 투여로 증상이 호전되지 않는 환자에게 투여하는 것을 원칙으로 하며, 아래와 같은 경우에는 1차 약제로 투여 시에도 요양급여를 인정함. - 아 래 - 가. 타 항생제에 내성이 있는 환자, 면역기능이 저하된 환자, 중증 감염환자, 심부장기감염환자(예 : 폐렴, 합병성복강내감염) 나. 중증 폐렴 환자의 경우는 �-Lactam과 병용하여 투여 시에도 인정함. 2. 허가범위를 초과하여 결핵치료에 아래와 같은 기준으로 투여 시 요양급여를 인정함. - 아 래 - 가. isoniazid 또는 rifampicin에 내성균이 확인된 결핵 나. 간기능 장애등 심각한 부작용으로 기존약제의 계속적인 투여가 곤란한 경우 3. Mycoplasma genitalium 에 의한 비임균성 단순 생식기 감염에 투여 시, 1차 약제(doxycycline 또는 azithromycin)치료 실패가 PCR 등으로 확인된 경우에 요양급여를 인정함. ○ 투여용량과 투여기간 - 400mg 1일 1회, 14일 이내 (고시 제2021-26호, '21.2.1.)",β,"β:3(p587×1, p591×1, p599×1)",
Sheet1,595,세부인정기준 및 방법,"1. 허가사항 범위 내에서 아래와 같은 기준으로 투여 시 요양급여를 인정하며, 동 인정기준 이외에는 약값 전액을 환자가 부담토록 함. - 아 래 - 가. 저·무 감마글로불린혈증(유전적 저·무 감마글로불린 혈증 포함) 1) 투여대상 저·무 감마글로불린혈증(유전적 저·무 감마글로 불린혈증 포함)으로 진단된 환자로서 반복적인 감염증상이 있고 항체결핍소견을 보이는 경우 2) 투여용량 및 기간 허가사항(용법·용량) 범위 내에서 투여 나. 아급성활수초성과발성신경염(길랑바레증후군) 1) 대상 환자 가) 보조기 또는 타인의 도움 없이 걸을 수 없는 경우 또는 나) 흡인(Aspiration)과 관련된 연하곤란이 있거나 호흡곤란이 있는 경우 2) 투여용량 : 400mg/kg/day x 5일 또는 허가사항 범위(용법·용량)를 초과하여 1g/kg/day x 2일 3) 재투여 인정 기준 다음의 ""치료와 연관된 변동(Treatment related fluctuation, TRF)""에 해당하는 경우, 길랑바레증후군의 첫 증상발현 후 8주 이내에 1회 재투여를 인정함. - 다 음 - ○ Human immunoglobulin G 주사제 투여 후, 길랑바레증후군 장애 스케일(GBS disability scale)이 1점 이상 또는 Medical Research Council 합계 점수(MRC sum score)가 5점 이상 호전되었다가, 다시 증상이 악화되는 경우 4) 혈장분리교환술(Plasmapheresis)과 Human immunoglobulin G 주사제의 동시 투여는 인정 하지 아니함. 다. 중증감염증에 항생물질과 병용 시 1) 투여대상 가) 중증패혈증 (1) 중증감염증으로 인한 전신성 염증반응 증후군 (Systemic inflammatory response syndrome)과 다음과 같은 장기 부전(감염 이외의 사유로 인한 경우는 제외)이 1개 이상 확인된 경우 - 다 음 - (가) 신장: 충분한 수액 공급에도 불구하고 급성 핍뇨증(적어도 2시간 동안 소변량(0.5ml/kg/h)인 경우 (나) 호흡기: 급성 저산소혈증(PaO2/FiO2(300) (다) 혈액: 혈소판<100,000/�L (라) 대사: Hyperlactatemia(>2mmol/1) (2) 임상 증상이 상당히 진행된 다발성 장기부전 등과 같은 가역성이 희박한 경우는 인정하지 아 니함. 나) 신생아패혈증 다) 후천성면역결핍증(AIDS) 등 면역기능이 현저히저하된 질환에 합병된 감염증으로 통상적인 치료방법으로 호전되지 않아 투여한 경우는 사례별로 인정함. 2) 투여용량 및 기간 가) 중증패혈증 : 허가사항 범위(용법·용량)를 초과하여 1g/kg를 2-3일간 나누어서 투여 나) 신생아패혈증 : 허가사항 범위를 초과하여 1g/kg로 투여 라. 특발성 혈소판감소성자반증(ITP ; Idiopathic Thrombocytopenia Purpura)에 투여하는 경우 1) 성인 가) 적응증: 급·만성 특발성 혈소판 감소성 자반병 (ITP) 환자 중 아래의 1항목에 해당하는 경우 인정함. (1) 심한 혈소판감소증(20,000/m2이하) (2) 중증의 출혈이 있을 때(ex:중추신경계질환, 위 장관출혈 등) (3) 응급수술을 요하는 경우 (4) 비장적출수술의 전처치 (5) 임신 30주 이상의 임산부가 분만에 대비하고자 할 때 (6) 면역글로불린(Human immunoglobulin G 주사제)으로 치료가 있었던 환자에서 증상 재발 시 나) 용법 및 인정기간: 400mg/kg/day를 5일간 투여하거나, 허가사항 범위(용법·용량)를 초과 하여 1g/kg/day로 2일간 또는 2g/kg/ day로 1일간 투여 2) 소아(만 16세 미만 소아에 적용) 가) 적응증: 아래의 1항목에 해당하는 경우 인정함.(1) 급성 ITP에서 출혈경향이 심하거나 중추신경 계의 출혈의 위험성이 있을 때, 또한 심한 혈소판 감소증(20,000/m2이하)이 있을 때 (2) 급·만성 ITP 환아가 외과적 수술을 요할 때 (3) 급·만성 ITP 환아가 심한 외상을 입었을 때 (4) Steroid제제를 2-4주간 투여한 후에도 효과가 없을 때 (5) ITP 환아가 감염이 합병되었을 때 (6) 5세 이하의 어린이가 만성 ITP로 심한 혈소판 감소증(80,000/mm2 이하)으로 비장적출을 연기 하고자 할 때 (7) 비장적출이 요구될 때 (8) 경태반 모체 항체로 인한 급성 혈소판 감소증인 신생아 나) 용량 및 인정기간: 400mg/kg/day를 5일간 투여하거나, 허가사항 범위(용법·용량)를 초과하여 1g/kg/day로 2일간 또는 2g/kg/day로 1일간 투여[※주: 만성 ITP란 발병 6개월내에 관해 (Remission)가 나타나지 않는 경우를 말함] 마. 가와사키병 1) 투여대상: 가와사키병(전형적, 비전형적 유형 모두 포함)으로 진단받은 환자 중 관상동맥합병증 발병 위험이 있다고 진료의사가 판단하여 투여하는 경우 2) 투여용량 : 400mg/kg씩 5일까지 또는 2g/kg /dayx1일 단, 1차 투여 종료 후 36시간 이상 발열이 지속되는 불응성 가와사키병(Refractory Kawasaki)은 2차 투여를 요양급여로 인정함. ※ 비전형적 가와사키병의 진단은 AHA 가이드라인 (2017)의 ""Incomplete KD""진단기준에 따라실시해야 함. 2. 허가사항 범위를 초과하여 아래와 같은 기준으로 투여 시 요양급여를 인정함. - 아 래 - 가. 다발성근염이나 피부근염에 투여시는 다음과 같은 경우에 인정함. - 다 음 - 1) 대상 환자 가) 다발성근염이나 피부근염이 Biopsy로 증명 되고, 나) 적어도 4-6개월 기존의 치료제(Prednisone 단독 또는 Prednisone 병용투여 등)투여 후 부작용이 있거나 치료되지 않는 중증상태인 경우로서 다) 혈청크레아티닌키나제(CK; Serum creatine kinase)가 지속적으로 상승된 경우 2) 투여용량 : 400mg/kg/day x5일 (또는 2g/kg/day x1일, 1g/kg/day x2일)을 매월 반복하여 3개월 까지 투여가능하며 투여 후 호전되었다가 이후 다시 악화된 경우 재투여 가능함. 나. 중증근무력증에 투여 시는 다음과 같은 경우에 인정함. - 다 음 - 1) 대상 환자 가) 표준치료(Cholinesterase inhibitors, Corticosteroids, Azathioprine 등)에 불응성이거나 심각한 부 작용 등으로 해당 약제를 투여할 수 없고 나) 폐활량이 1L 미만이거나 Predicted forced vital capacity(FVC) 50% 미만이고, 흡인 (Aspiration)과 관련된 연하곤란이 있으며, 다) 도움 없이 100 feet(30m) 이상 걷지 못하는경우 2) 투여 용량: 400mg/kg/dayx5일 (또는 2g/kg/day을 2-5회 분할투여) 다. 골수이식(제대혈 조혈모세포이식 포함)후 감염 위험이 있는 경우에는 3개월까지 격주로 500mg/kg, 그 후 6개월까지 매월 500mg/kg을 요양급여하며, 특이사례 발생 시에는 사례별로 인정함. 라. 신생아 면역 용혈성 질환 1) 투여대상: ABO 또는 Rh 불일치로 인한 면역 용혈성 황달로서, 광선요법(Phototherapy)에도 호전되지 않아 교환수혈 위험이 있는 경우 2) 투여용량: 0.5-1g/kg(1회 투여 이후 효과가 불 충분한 경우 12시간 내 재투여 가능함) 마. 심상성(보통) 천포창, 낙엽상 천포창, 수포성 유사천포창, 반흔성(흉터) 유사천포창, 후천성 수포성 표피박리증에 투여 시 다음과 같은 경우에 인정함. 1) 대상 환자 생검(Biopsy)으로 확진되고, 면역형광검사에서 양성으로 확인된 경우로서, 경구용 스테로이드와 기존의 면역억제제 치료에 부작용이 있거나 반응이 없는 경우 2) 투여용량 및 기간 1.5~2g/kg을 2~5일에 걸쳐 투여하며 2~4주 간격으로 3회까지 인정하며, 그 이후 투여횟수부터는 전액본인부담함. 바. 독성 표피 괴사증후군(Toxic Epidermal Necrosis, TEN) 또는 체표면적이 10%이상 침범한 스티븐스 -존슨 증후군(Stevens-Johnson Syndrome, SJS)이확진된 경우 총 2g/kg 범위 내에서 투여 사. 다병소성 운동신경병증(Multifocal Motor Neuropathy, MMN)에 투여 시 다음과 같은 경우에 인정함 ○ 투여용량 및 기간 총 2g/kg(2~5일에 걸쳐) 투여를 인정하고 이후 반응이 있는 경우에는 2~4주 간격으로 1g/kg(또는 4~8주 간격으로 2g/kg)을 투여할 수 있음. 아. 만성염증성탈수초다발성신경병증(CIDP ; Chronic Inflammatory Demyelinating Polyradiculoneuropathy) 에 투여 시 다음과 같은 경우에 인정하며, 동 인정기준 이외에는 약값 전액을 환자가 부담토록 함. - 다 음 - 1) 대상 환자 가) 임상적 기준과 생리적 기준을 모두 만족하거나 병리적 기준에 의해 확진되고, 나) Prednisone 또는 Azathioprine을 금기 또는 심각한 부작용 등으로 투여할 수 없거나 최소 3개월 이상 해당 약제에 불응성, 재발성인 환자로서 mRS※ ≥ 3점인 경우 2) 투여용량 및 기간 ○ 총 2g/kg(2~5일에 걸쳐) 투여를 인정하고, 호전되었다가 이후 다시 악화된 경우(mRS※ ≥ 3점 또는 1점 이상 증가)에는 총 2g/kg(2~5일에 걸쳐) 투여 후 2~4주 간격으로 1g/kg(또는 4~8주 간격으로 2g/kg)을 6개월간 투여할 수 있음. 3) 혈장분리교환술(Plasmapheresis)과 Human immunoglobulin G 주사제의 동시 투여는 인정 하지 아니함.자. 급성파종성 뇌척수염(Acute disseminated encephalomyelitis) 으로 진단된 환자 중 corticosteroid에 불충분한 반 응을 보이거나 부작용 또는 금기 등으로 투여할 수 없는 경우 총 2g/kg 범위 내에서 인정. 차. 자가면역성뇌염(Autoimmune encephaltis) 환자 중 mRS※ 3점 이상 또는 고용량 스테로이드에 불 충분한 반응을 보이거나 부작용 또는 금기 등으로 투여할 수 없는 다음과 같은 경우 - 다 음 - 1) 대상환자: 아래 세 가지에 모두 해당하는 경우 가) 단기 기억 상실, 의식 상태 변화(altered mental status), 또는 정신과적 증상(psychiatric symptoms) 중 한 가지 이상이 3개월 이내 발현 나) 다음 중 한 가지에 해당하는 경우 (1) 새로운 국소적 중추신경계 병변을 시사하는 임상 소견 (2) 이전에 알려진 경련성 질환으로 설명할 수 없는 경련 (3) 뇌척수액 검사 상 백혈구 수가 5cells/mm3 이상 (4) 뇌염을 시사하는 MRI 소견 다) 바이러스성 뇌염 등 다른 원인을 배제 2) 투여용량 및 기간 ○ 총 2g/kg(2~5일에 걸쳐) 투여를 인정하고 이 후 추가 투여 필요시 4주 간격으로 1g/kg을 2일에 걸쳐 투여 가능함 ※ Modified Rankin Scale(mRS) 0 - No symptoms at all 1 - No significant disability despite symptoms; able to carry out all usual duties and activities2 - Slight disability; unable to carry out all previous activities, but able to look after own affairs without assistance 3 - Moderate disability; requiring some help, but able to walk without assistance 4 - Moderate severe disability; unable to walk without assistance and unable to attend to own bodily needs without assistance 5 - Severe disability; bedridden, incontinent, and requiring constant nursing care and attention 6-Dead 카. 아데노바이러스벡터 코로나바이러스감염증-19 (COVID-19) 백신 접종 후 혈소판감소성 혈전증이 추정 또는 확진된 환자에게 투여 시 다음과 같은 경우에 인정함. - 다 음 - 1) 대상환자 가) 혈소판 5만이하 (≤ 50 x 103/uL) 또는, 나) 주요장기 출혈이 동반되고 혈소판 10만이하 (≤ 100 x 103/uL) 2) 투여용량: 1g/kg/day x 2일 ※ ""추정"" 또는 ""확진""의 정의는 코로나19 예방접종 대응 추진단 발간 「코로나19 예방접종 후 혈소판 감소성 혈전증 안내서(의료인용)」에 따름. 타. 전신성홍반성루프스(SLE; Systemic Lupus erythematosus)와 관련된 급성 혈소판감소증 1) 투여대상: Corticosteroid와 타 면역억제제 (Cyclophosphamide 등)에 불응인 SLE 관련 급성혈소판 감소증 환자로서 다음 중 어느 하나에 해 당하는 경우 (단, 부작용 또는 금기 등으로 면역 억제제를 투여할 수 없는 경우에 한하여 corticosteroid 불응인 환자에도 급여 인정함.) - 다 음 - (1) 심한 혈소판감소증(20,000/m2이하) (2) 중증의 출혈이 있을 때(ex:중추신경계질환, 위 장관출혈 등) (3) 응급수술을 요하는 경우 (4) 비장적출수술의 전처치 (5) 임신 30주 이상의 임산부가 분만에 대비하고자 할 때 (6) 면역글로불린(Human immunoglobulin G 주사제)으로 치료가 있었던 환자에서 증상 재발 시 2) 용법 및 인정기간: 400mg/kg/day x 5일 (또는, 1g/kg/day x 2일, 2g/kg/day x 1일) 3. 허가사항 범위를 초과하여 아래와 같은 기준으로 투여 시 약값 전액을 환자가 부담토록 함. - 아 래 - 가. 말초혈액 NK(natural killer) cell 분율이 12% 이상 이며, 3회 이상 반복하여 유산 또는 착상실패를 경험한 경우 - 투여방법 및 기간: 400mg/kg, 3~4주 간격으로 배란일(또는 보조생식술 시행일)~14주 나. 중증근무력증 1) 근력 약화가 심해질 것으로 예상되는 환자(MGFA classification llb 또는 111 이상)의 전신마취 수술 이나 출산 전 투여 2) Corticosteroid를 포함한 3개 이상의 면역억제제에불응 또는 해당 약제를 투여할 수 없는 난치성 환자의 유지요법 4. 허가사항을 초과하여 혈우병A, B 항체 환자의 면역관용 요법에 투여하고자 건강보험심사평가원의 사전승인을 받은 경우에도 요양급여를 인정함. 이 경우 사전승인을 위한 위원회 구성, 사전승인의 기준, 절차 및 방법 등 필요한 사항은 건강보험심사평가원장이 정함. (고시 제2022-56호, '22.3.1.)",μ,μ:1(p630×1),
Sheet1,603,세부인정기준 및 방법,"1. 각 약제별 허가사항 범위 내에서 아래와 같은 기준을 모두 만족하는 경우 요양급여를 인정하며, 동 인정기준 이외에는 약값 전액을 환자가 부담토록 함. - 아 래 - 가. 발작성 야간 혈색소뇨증(PNH: Paroxysmal Nocturnal Hemoglobinuria) 1) 투여대상 유세포분석(Flow cytometry)으로 측정한 발작성야 간혈색소노증과립구클론크기(PNH granulocyte clone size)가 10% 이상이고, 유산탈수효소(LDH: Lactate dehydrogenase)가 정상 상한치의 최소 1.5배 이상인 만 18세 이상의 환자로서 다음 하나에 해당하는 경우 - 다 음 - 가) 혈전증: 치료적 항응고제 요법이 필요했던 혈전 또는 색전증 기왕력 나) 폐부전: 정상적인 활동의 제한을 초래하는 흉통, 숨가쁨(New York Heart Association Class III), 폐동맥고혈압 확진 다) 신부전: 신부전 병력(eGFR≤60ml/min/1.73m2) 라) 평활근 연축: 입원, 마약성 진통제가 필요한 중증의 재발성 통증 에피소드 마) 임신 및 산후 3개월 이내 2) 제외 대상 가) 과립구 클론(Granulocyte clone) 크기가 10% 미만인 환자 나) 재생불량성 빈혈에 다음 중 두 가지 이상 해당되는 경우(1) 호중구수 0.5 X 10^9/L 미만 (2) 혈소판수 20 X 10^9/L 미만 (3) 망상적혈구(Reticulocyte) 25 X 10^9/L 미만 (4) 중증의 골수 저세포성(Bone marrow hypocellularity) 다) 다른 생명을 위협하는 질환(급성 골수성 백혈병 또는 고위험성 골수형성이상 증후군 등)을 동반하고 있어서 장기적인 예후에 치료로 인한 효과를 기대할 수 없는 환자 라) 치료에 대한 반응을 저하시킬 것으로 예측되는 다른 의학적 상태의 존재 3) 치료 효과 평가치료 시작 후 매 6개월마다 모니터링하여 투여 유지 여부를 평가함 가) 모니터링 자료 (1) 6개월 간격 제출 자료 (가) 유산탈수효소(LDH: Lactate dehydrogenase) (나) 전체 혈구수와 망상 적혈구 (다) 지난 6개월 동안의 수혈 현황 (라) 철 시험 (마) 요소, 전해질 및 사구체여과율(eGFR) (바) 최근 임상 병력 (2) 12개월 간격 제출 자료 (가) 수막구균 백신 접종 확인 증명서 (나) 처음 적합성의 근거가 된 임상 증상에 대한 경과 보고서 (다) 삶의 질 (라) 유세포분석(Flow cytometry)로 측정한 과립구 클론 크기 나) 투여 유지 기준 평가 후 다음과 같은 경우가 아니면 투여를 지속 할 수 있음- 다 음 - (1) 치료 효과를 평가하기 위한 6개월, 12개월 모니터링 자료를 제출하지 않은 경우 (2) 의학적 정당한 이유 없이 Eculizumab 주사제 투여를 6개월에 3회 이상 받지 않은 경우(단, 의료진의 판단에 따른 경우 객관적 근거를 제출하여야 함) (3) Eculizumab 주사제 투여에도 LDH가 정상 상한치 1.5배 이하로 지속적으로 감소하지 않는 경우 또는 LDH 수치가 정상 수치의 1.5배 이하로 유지하다가 다시 1.5배 이상으로 지속적으로 상승하는 경우 (LDH 검사 주기는 2~4주로 함). 단, 임신 및 산후 3개월 이내 환자의 경우 적용 제외하며, 그 외 수술, 감염, 혈관외 용혈 등으로 인한 LDH 증가 사례는 위원회에서 심의토록 함. (4) Eculizumab 주사제 투여에도 신기능이 악화되어 지속적인 신장투석요법을 유지해야 하는 경우 (5) Eculizumab 주사제 투여에도 생명을 위협하는 새로운 혈전이 발생한 경우(단, 1년 이내에 발생한 혈전에 대해서는 위원회에서 심의토록 함) (6) 6개월 및 12개월 모니터링 시 다음 중 두 가지 이상을 만족하는 경우: (가) 호중구수 0.5 X 10^9/L미만 (나) 혈소판수 20 X 10^9/L미만 (다) 망상적혈구(reticulocyte) 25 x 10^9/L미만 (7) Allogeneic stem cell transplantation을 시행 하여 PNH관련 증상이 호전된 경우 (8) 12개월 모니터링 시 과립구 크기가 10% 미만이며 LDH가 정상 상한치 이하인 경우(Eculizumab 주사제 투여를 6개월 중단하고 다시 위원회에서 심의토록 함)(9) 기타 위원회에서 투여중지가 필요하다고 판단되는 경우 ※ 동종조혈모세포이식(Allogeneic stem cell transplantation)의 인정 기준을 충족하는 경우 적극적 치료 방법인 이식을 고려하여야 함. 4) 조혈모세포이식을 실시하는 요양기관(""조혈모세포이식의 요양급여에 관한 기준""의 인력·시설 및 장비 기준에 적합한 요양기관)에서 요양급여 인정 여부에 대하여 사전 신청하여 승인 받은 경우에 한하여 인정함. 나. 비정형 용혈성 요독 증후군(aHUS: atypical Hemolytic Uremic Syndrome) 1) 투여대상: 다음의 조건을 모두 만족하는 비정형 용혈성 요독 증후군인 경우 - 다 음 - 가) 아래 조건을 모두 만족하는 활성형 혈전미세혈관병증 (TMA: Thrombotic Microangiopathy) (1) 혈소판수: 해당 요양기관의 정상 하한치 미만 (2) 분열적혈구(schistocytes) (3) 헤모글로빈 く 10g/dL (4) lactate dehydrogenase(LDH): 정상 상한치의 1.5배 이상 나) 다음에 해당되는 신장손상 (1) 기존의 신장기능이 저하된 환자에서 eGFR 20% 이상 감소 (2) 기존의 신장기능이 정상인 환자에서 혈청 크레아 티닌이 연령 및 성별에 따른 정상 상한치 이상 ※ 추가적으로 다음의 기관 손상 유무 확인 (가) 혈전미세혈관병증으로 인한 신경계 손상 (나) 혈전미세혈관병증으로 인한 심장 손상 (다) 혈전미세혈관병증으로 인한 소화기계 손상(라) 혈전미세혈관병증으로 인한 폐 손상 등 다) 혈장교환 또는 혈장주입을 하기 이전의 혈액 샘플에서 ADAMTS- 13 활성이 10% 이상. - 단, ADAMTS-13 활성 결과 확인 전 혈소판 수 30x 109/L 이상 및 혈청 크레아티닌 150�mol/L (또는 1.7mg/dl) 이상인 경우에는 사전신청서 제출 후 투여 가능하며, ADAMTS-13 활성 결과 10% 미만인 경우 이후 투여 분부터는 불인정 라) 대변 STEC(Shiga toxin-producing E.Coli) 결과 음성 2) 제외대상: 다음과 같은 원인으로 인한 혈전미세혈관 병증(TMA) 가) Shiga toxin으로 인한 용혈성 요독 증후군 나) 활동성 악성종양 다) 활동성 HIV 감염 라) 이식(단, 신장이식의 경우는 예외로 함) 마) 약물(항암제, 면역억제제, 퀴닌, 고용량의 칼시뉴린 저해제, 항혈소판제제, sirolimus, anti-VEGF agents 등) 바) 자가면역질환으로 인한 혈관염 또는 감염 사) 섬유소 혈전증(파종성혈관내응고증, 헤파린으로 인한 혈소판감소증, 헬프증후군(HELLP: Hemolysis, Elevated Liver enzymes, Low Platelets), 발작성 야간혈색소뇨증, 파국적 항인지질 증후군(Catastrophic Antiphospholipid Syndrome)) 아) 패혈증 자) 기타 이차성 용혈성 요독 증후군 3) 치료효과 평가 가) 초기 모니터링 자료(치료 시작 후 2개월에 제출, 단 각 항목에 따른 검사 미제출 시에는 사유 기재)(1) 2개월간의 CBC, 혈소판, LDH, haptoglobin, reticulocyte 수치 (2) 혈청 크레아티닌, 사구체여과율(eGFR) (3) anti-CFH antibody 검사결과 (4) 유전자검사 결과 (5) 수막구균 백신 접종 확인 증명서 (6) 지난 2개월 동안의 수혈 현황 (7) 가족력 (8) 최근 임상 병력 나) 유지기 모니터링 자료(치료 시작 후 매 6개월마다 모니터링하여 투여유지 여부를 평가함) (1) 6개월간의 CBC, 혈소판, LDH, haptoglobin, reticulocyte 수치 (2) 혈청 크레아티닌, 사구체여과율(eGFR) (3) 지난 6개월 동안의 수혈 현황 (4) 최근 임상 병력 다) 투여 유지 기준 (1) 효과 평가 (가) 혈소판수, haptoglobin, LDH 중 2가지 이상의 정상화 (나) 다음에 해당하는 신장기능 개선 ○ 투여 직전 측정한 eGFR 보다 25%를 초과한 호전 ○ 신장기능이 악화 되지 않은 경우(투여 직전 측정한 eGFR 土 25%) (2) 투여기간 (가) Eculizumab 주사제 투여가 필요한 유전자 변이가 있거나 재발할 가능성이 높은 환자(이전에 수차례 재발하였거나 가족력이 있는 경우)는 2년간 지속 투여를 인정하며, 추가 투여가 필요한경우 매회 실시한 모니터링에 대한 심의결과에 따라 인정함. (나) 유전자 변이가 없거나 확인되지 않은 환자의 지속투여는 매회 실시한 모니터링에 대한 심의 결과에 따라 인정함. 라) 투여 중단 기준 (1) 신장투석을 유지해야 하며, 신장 합병증이 개선되지 않는 경우 (2) Eculizumab 주사제를 투여 받은 6개월 중 4개월간 신장투석을 유지하고 있으며, 신장 이외 합병증이 개선되지 않는 경우 (3) 치료효과를 평가하기 위한 6개월 간격 모니터링 자료를 제출하지 않은 경우 (4) 의학적 정당한 이유 없이 Eculizumab 주사제 투여를 6개월에 3회 이상 누락된 경우(단 의료진의 판단에 따른 경우 객관적 근거를 제출하여야 함.) (5) 기타 위원회에서 투여중지가 필요하다고 판단되는 경우 마) 재투여 기준 Eculizumab 주사제 투여로 증상이 호전되어 중단한 이후 재발되어 재투여가 필요한 경우 사전신청서 (ADAMTS-13, STEC 결과 생략 가능) 제출 후 즉시 투여 가능함 4) 신장이식과 혈장교환술을 동시에 실시하는 요양기관 (""장기 등 이식에 관한 법률""에 따라 지정된 요양기관) 에서 요양급여 인정여부에 대하여 사전 신청하여 승인 받은 경우에 한하여 인정함. 단, 사전신청서 제출 후 즉시 투여 하는 경우는 추후 승인 시 종전 투여분을 소급 인정하며, 위원회에서 증상이 호전되어 투여를 중단한 대상자로 결정·통보한 경우는 이후 재발로사전승인서 제출 후 재투여시에는 심의 결과 통보 전까지 투여분을 요양급여함. 다. 시신경 척수염 범주질환(NMOSD: Neuromyelitis Optica Spectrum Disorder) 1) 투여 대상: 항아쿠아포린-4(AQP-4) 항체 양성인 만 18세 이상의 성인 시신경 척수염 범주질환 환자로, Eculizumab 투여 시점에 확장 장애 상태 척도 (Extended Disability Status Scale, EDSS) 점수 ≤ 7 이면서 다음의 조건 중 하나를 만족하는 경우 - 다 음 - 가) 최근 1년 이내 적어도 2번의 증상 재발 또는 최근 2년 이내 적어도 3번(최근 1년 이내 1번 포함)의 증상 재발""이 있는 경우로서, - Rituximab 주사제의 급여기준에 적합하여 3개월 이상 해당 약제를 투여하였음에도 증상 재발이 있거나, 부작용으로 투여를 지속할 수 없는 경우 * 전체 재발 중 1번이라도 심각한 재발(severe relapse, major relapse = nadir 시기의 단안 visual acuity (VA) < 0.1 또는 확장 장애 상태 척도(Extended Disability Status Scale, EDSS) 점수 ≥ 6)이 있어야 함. 나) Satralizumab 주사제의 급여기준에 적합하여 3개월 이상 해당 약제를 투여하였음에도 증상 재발이 있거나, 부작용으로 투여를 지속할 수 없는 경우 (※ 투여 소견서 첨부) 2) 평가 방법: 치료 시작 후 매 6개월마다 다음을 모니터링 하여 투여유지 여부를 평가함. - 다 음 - 가) 최초 투약시점으로부터 매 4주마다 신경학적 기능 검사 확인나) 최초 투약시점으로부터 매 6개월마다 EDSS 확인 3) 중단 기준 (아래의 어느 하나에 해당하는 경우) 가) 3개월 이상 투여 이후 재발한 경우 나) 치료제의 부작용으로 치료편익 대비 위험성이 큰 경우 다) EDSS ≥ 8 인 경우 라) 치료 효과를 평가하기 위한 6개월 간격 모니터링 자료를 제출하지 않은 경우※ 재발: 새로 발병한 신경학적인 증상 또는 기존 신경학적인 증상의 악화가 24시간 유지되는 경우(신경학적인 검사를 통해 확인한 객관적 변화로서 임상적 확인 또는 MRI 결과) ※ 신경학적인 증상 1. 시신경염 2. 급성척수염 3. 설명되지 않는 딸꾹질이나 구역과 구토 4. 급성 뇌간 증후군 5. 증상성 기면증이나 급성 간뇌증후군에서 NMOSD 특징 뇌 MRI 병변이 동반 6. 증상성 뇌증후군에서 NMOSD 특징적 뇌 또는 척수 MRI 병변이 동반4) 동 약제는 관련 진료과(신경과, 안과) 전문의가 처방 하여야 함. 5) 동 약제의 허가사항 중 '사용상 주의사항(경고 등)'을 참고하여 투여하여야 하며, 투여 대상 및 지속투여 시 반응평가에 대한 객관적 자료(신경학적 기능검사 결과지, EDSS 점수, 진료기록부 등)를 반드시 제출하여야 함. 2. Eculizumab 주사제는 중대한 수막구균(Meningococcus) 감염에 대한 감수성을 증가시키므로 모든 환자가 투약 최소 2주전에 수막구균 백신을 투여 받아야 하며 최신의 백신 접종지침에 따라 재접종해야 함. 단, Eculizumab 주사제를 즉시 투여해야 하는 경우 수막구균 백신을 동시에투여하며 항생제치료를 병행할 수 있음. 3. Eculizumab 주사제의 사전승인을 위한 절차 · 방법 및 위원회 구성 등에 대한 세부사항은 건강보험심사평가원장이 정하고, 동 약제를 사전승인함에 있어 의학적 판단이 필요한 사항은 건강보험심사평가원장이 정하는 위원회 결정에 따름. (단, 시신경 척수염 범주질환(NMOSD)의 경우, 사전승인 심사 대상에 해당되지 않음.) (고시 제2024-55호, '24.4.1.)",μ,μ:1(p651×1),
Sheet1,608,세부인정기준 및 방법,"허가사항 범위 내에서 아래와 같은 기준으로 투여 시 요양급여를 인정하며, 동 인정기준 이외에는 약값 전액을 환자가 부담토록 함. - 아 래 - 가. 만성C형 간염 1) 유전자 I형(Genotype I)인 경우 가) 치료 12주에 C형간염 RNA(HCV RNA) 정량검사 등을 시행하여 완전 초기 바이러스반응(Complete Early virological response)이 확인된 경우에는 각 약제 허가사항에 따라 나머지 치료과정 (총 12개월 혹은 48주, 휴약기간 제외)까지 인정하며, HCV RNA 수치가 기저치로부터 2log(100배) 미만 감소 시에는 치료를 중단토록 함. 나) 치료 12주째 검사에서 부분 초기 바이러스 반응 (Partial Early virological response)※을 보일 때는 치료 24주째 한번 더 평가하여, HCV RNA가 검출되지 않으면 나머지 치료과정 (총 12개월 혹은48주, 휴약기간 제외)까지 인정하고, 검출되면 치료를 중단토록 함. ※ 부분 초기 바이러스 반응: HCV RNA 수치가 기저치로부터 2log (100배) 이상 감소되었지만여전히 검출 2) 유전자 2,3형(Genotype 2,3형)인 경우는 투여 24주까지 인정함. 3) 기존 인터페론(표준 인터페론) 치료 종료 시 반응이 있었으나, 재발이 확인된 경우에는 Peginterferon 제제 투여를 인정함. 혈중 ALT(Alanine Transaminase) 수치 증가 등 환자 상태에 따라 Hepatotonics (Carduus marianus ext., Ursodeoxycholic acid, DDB 함유 제제 등)와의 병용투여는 인정 가능하나, ○ Peg interferon �-2a와 Hepatotonics 중 한 가지 약제의 약값 전액을 환자가 본인부담토록 함. 나. 만성B형 간염 1) 투여대상 AST(Aspartate Transaminase) 또는 ALT(Alanine Transaminase)가 80단위 이상인 성인(만 18세 이상) 만성 활동성 B형간염 가) HBeAg(+)로서 HBV-DNA≥20,000IU/mL 또는 나) HBeAg(-)로서 HBV-DNA≥2,000IU/mL 2) 금기 대상부전 간 질환(Hepatic decompensation) 3) 투여방법 가) 단독요법 나) 혈중 ALT수치 증가 등 환자 상태에 따라 Hepatotonics(Carduus marianus ext., Ursodeoxycholic acid, DDB 함유 제제 등) 와의 병용투여는 인정 가능하나, ○ Peg interferon a-2a와 Hepatotonics 중 한 가지 약제의 약값 전액을 환자가 본인부담토록 함.4) 투여기간 ○ 48주(휴약기간 제외) (고시 제2016-66호, '16.5.1.)",α,α:2(p660×2),
Sheet1,688,세부인정기준 및 방법,"류마티스질환(류마티스관절염, 건선성관절염, 강직성 척추염)에서 TNF-� inhibitor(품명 : 엔브렐주사 등) 제제를 투여 중 의학적 사유 등으로 휴약 후 재 투여한 경우 다음과 같이 심사함. - 다 음 - 가. 최초평가 실시 이전에 휴약한 환자의 재 투여는 최초 투여 인정기준에 해당 시 인정함.나. 최초평가 후 지속 투여 중인 환자가 휴약한 경우 1) 휴약기간이 3개월 미만이면 연속 투여로 인정함 2) 휴약기간이 3개월 이상이면, ① 마지막 평가 결과와 비교하여 20%이상 악화된 경우 인정함. ② 마지막 평가 자료가 없으면 최초 투여 인정기준에 해당 시 인정함. 다. 평가 시점에 의학적 사유(감염 등)로 평가하지 못한 경우는 4주 이내에 평가 하여야 함. (2011. 3. 1. 진료분 부터)",α,α:1(p692×1),
